DELETE FROM creature_template_addon WHERE entry in (126829,126275,126274,125254,126565,126566,128117,127990,125313,127108,128173,125855,123488,125830,123629,126844,126341,126165,127266,127663,120586,127608,127982,127103,128175,127109,127811,
125197,124835,127378,127257,127356,125586,124738,122219,124711,126842,126446,126577,126196,126556);
INSERT INTO `creature_template_addon` (`entry`, `mount`, `bytes1`, `bytes2`, `auras`) VALUES
(126829, 0, 0x0, 0x1, '251781'), -- 126829 Auras: 251781
(126275, 0, 0x0, 0x1, '250684'), -- 126275 Auras: 250684
(126274, 0, 0x0, 0x1, '250687'), -- 126274 Auras: 250687
(125254, 0, 0x0, 0x1, '218369'), -- 125254 Auras: 218369
(126565, 0, 0x3000000, 0x1, ''), -- 126565
(126566, 0, 0x0, 0x1, '251153'), -- 126566 Auras: 251153
(126556, 0, 0x0, 0x1, '252176'), -- 126556 Auras: 252176
(128117, 0, 0x3000000, 0x1, ''), -- 128117
(127990, 0, 0x3000000, 0x1, '253991'), -- 127990 Auras: 253991
(125313, 0, 0x0, 0x1, '248760'), -- 125313 Auras: 248760
(127108, 0, 0x0, 0x1, '222589'), -- 127108 Auras: 222589
(128173, 0, 0x0, 0x1, '184506'), -- 128173 Auras: 184506
(125855, 0, 0x3000000, 0x1, ''), -- 125855
(123488, 0, 0x0, 0x1, '145751'), -- 123488 Auras: 145751
(125830, 0, 0x3, 0x1, '120703'), -- 125830 Auras: 120703
(123629, 0, 0x3000000, 0x1, '246059'), -- 123629 Auras: 246059
(126844, 0, 0x3000000, 0x1, ''), -- 126844
(126341, 0, 0x3000000, 0x1, ''), -- 126341
(126165, 0, 0x0, 0x1, '228243'), -- 126165 Auras: 228243
(127266, 0, 0x3000000, 0x1, ''), -- 127266
(127663, 0, 0x3000000, 0x1, ''), -- 127663
(120586, 0, 0x3000000, 0x1, ''), -- 120586
(127608, 0, 0x3000000, 0x1, ''), -- 127608
(127982, 0, 0x0, 0x1, '221564'), -- 127982 Auras: 221564
(127103, 0, 0x0, 0x1, '215251 228243'), -- 127103 Auras: 215251, 228243 
(128175, 0, 0x3000000, 0x1, ''), -- 128175
(127109, 0, 0x0, 0x1, '123978'), -- 127109 Auras: 123978
(127811, 0, 0x0, 0x1, '221564 44836'), -- 127811 Auras: 221564, 44836
(127257, 0, 0x3000000, 0x1, ''), -- 127257
(125586, 0, 0x0, 0x1, '249264'), -- 125586 Auras: 249264
(124738, 0, 0x40000, 0x1, '247819'), -- 124738 Auras: 247819
(122219, 0, 0x3000000, 0x1, ''), -- 122219
(124711, 0, 0x40000, 0x1, '247699'), -- 124711 Auras: 247699
(126446, 0, 0x0, 0x1, '222589 250898'), -- 126446 Auras: 222589, 250898
(126577, 0, 0x3000000, 0x1, ''), -- 126577
(126196, 0, 0x0, 0x1, '251045'); -- 126196 Auras: 251045

DELETE FROM `creature_equip_template` WHERE `CreatureID` IN (125759, 125965, 123488, 127108, 125865, 125197, 125199, 125745, 125280, 125755, 125758, 125252, 125781, 125970, 125197, 125755, 125757, 125790, 126168, 126335, 126337, 127103,
127109, 125788, 125148, 126244, 125137, 126165, 126446);
INSERT INTO `creature_equip_template` (`CreatureID`, `ItemID1`, `ItemID2`, `ItemID3`, `ItemID4`, `ItemID5`, `ItemID6`) VALUES
(125759, 128962, 0, 0, 0, 0, 0), -- 125759
(125965, 133519, 0, 133519, 0, 0, 0), -- 125965
(123488, 153354, 0, 153353, 0, 0, 0), -- 123488
(127108, 128358, 0, 128372, 0, 0, 0), -- 127108
(125865, 147280, 0, 0, 0, 0, 0), -- 125865
(125197, 128962, 0, 0, 0, 0, 0), -- 125197
(125199, 75254, 0, 75254, 0, 0, 0), -- 125199
(125745, 141614, 0, 141614, 0, 0, 0), -- 125745
(125280, 30723, 0, 30723, 0, 0, 0), -- 125280
(125755, 128962, 0, 0, 0, 0, 0), -- 125755
(125758, 147280, 0, 0, 0, 0, 0), -- 125758
(125252, 128279, 0, 0, 0, 0, 0), -- 125252
(125781, 132821, 0, 0, 0, 0, 0), -- 125781
(125970, 128520, 0, 0, 0, 0, 0), -- 125970
(125757, 128962, 0, 0, 0, 0, 0), -- 125757
(125790, 127651, 0, 127651, 0, 0, 0), -- 125790
(126168, 134126, 0, 0, 0, 0, 0), -- 126168
(126335, 138422, 0, 138422, 0, 0, 0), -- 126335
(126337, 31824, 0, 0, 0, 0, 0), -- 126337
(127103, 151172, 0, 0, 0, 0, 0), -- 127103
(127109, 127651, 0, 127651, 0, 0, 0), -- 127109
(125788, 79734, 0, 79734, 0, 0, 0), -- 125788
(125148, 28365, 0, 0, 0, 0, 0), -- 125148
(126244, 147493, 0, 0, 0, 0, 0), -- 126244
(125137, 28365, 0, 0, 0, 0, 0), -- 125137
(126165, 127419, 0, 0, 0, 0, 0), -- 126165
(126446, 128358, 0, 128372, 0, 0, 0); -- 126446

REPLACE INTO `creature_template` (`entry`, `trainer_type`, `gossip_menu_id`, `exp`, `minlevel`, `maxlevel`, `faction`, `npcflag`, `npcflag2`, `RangeAttackTime`, `unit_class`, `unit_flags`, `unit_flags2`, `unit_flags3`, `VehicleId`, `HoverHeight`, `InhabitType`, `SandboxScalingID`, `ScaleLevelMin`, `ScaleLevelMax`, `ScaleLevelDelta`, `ScaleLevelDuration`, `ControllerID`, `StateWorldEffectID`, `SpellStateVisualID`, `SpellStateAnimID`, `SpellStateAnimKitID`, `WorldEffects`, `PassiveSpells`, `flags_extra`, `speed_walk`, `speed_run`, `BaseAttackTime`) VALUES
(125779, 0, 0, 0, 110, 110, 90, 0, 0, 2000, 8, 32768, 2099200, 0, 0, 1, 3, 0, 110, 110, 0, 100, -1, 0, 0, 0, 0, '', '', 0, 1, 1.142857, 2000), -- 125779
(125781, 0, 0, 0, 110, 110, 16, 0, 0, 2000, 1, 32768, 2099200, 0, 0, 1, 3, 0, 110, 110, 0, 100, -1, 0, 0, 0, 0, '', '', 0, 1, 1.142857, 2000), -- 125781
(125790, 0, 0, 0, 110, 110, 16, 0, 0, 2000, 1, 32768, 2099200, 0, 0, 1, 3, 0, 110, 110, 0, 100, -1, 0, 0, 0, 0, '', '', 0, 1, 1.142857, 2000), -- 125790
(126083, 0, 0, 0, 111, 111, 16, 0, 0, 2000, 2, 33587200, 4229120, 1, 0, 1, 3, 0, 0, 0, 0, 100, -1, 0, 0, 0, 0, '', '', 2, 1, 1, 2000), -- 126083
(125252, 0, 0, 0, 112, 112, 14, 0, 0, 2000, 1, 32832, 4194304, 0, 0, 1, 3, 0, 112, 112, 0, 100, -1, 0, 0, 0, 0, '', '', 0, 1.6, 1.714286, 2000), -- 125252
(125254, 0, 0, 0, 110, 110, 14, 0, 0, 2000, 1, 0, 134219776, 0, 0, 1, 3, 0, 110, 110, 0, 100, -1, 0, 0, 0, 0, '', '', 0, 2.4, 0.8571429, 2000), -- 125254
(121661, 0, 0, 0, 110, 110, 35, 0, 0, 2000, 1, 0, 2048, 0, 0, 1, 3, 0, 0, 0, 0, 100, -1, 0, 0, 0, 0, '', '', 0, 1, 1.142857, 2000), -- 121661
(125874, 0, 0, 0, 111, 111, 16, 0, 0, 2000, 2, 32768, 2131968, 0, 0, 1, 3, 0, 0, 0, 0, 100, -1, 0, 0, 0, 0, '', '', 0, 1, 1, 2000), -- 125874
(126987, 0, 0, 0, 113, 113, 35, 0, 0, 2000, 1, 33554432, 33556480, 1, 0, 1, 3, 0, 0, 0, 0, 100, -1, 0, 0, 0, 0, '', '', 128, 1, 1.142857, 2000), -- 126987
(125939, 0, 0, 0, 110, 110, 16, 0, 0, 2000, 2, 32832, 2099200, 0, 0, 1, 3, 0, 110, 110, 0, 100, -1, 0, 0, 0, 0, '', '', 0, 1, 1.428571, 2000), -- 125939
(125963, 0, 0, 0, 110, 110, 16, 0, 0, 2000, 2, 32832, 4196352, 0, 0, 1, 3, 0, 0, 0, 0, 100, -1, 0, 0, 0, 0, '', '', 0, 1, 1.428571, 2000), -- 125963
(125970, 0, 0, 0, 110, 110, 16, 0, 0, 2000, 1, 32768, 2099200, 0, 0, 1, 3, 0, 98, 110, 0, 100, -1, 0, 0, 0, 0, '', '', 0, 1, 1.142857, 2000), -- 125970
(124884, 0, 0, 0, 110, 110, 190, 16777216, 0, 2000, 1, 768, 71337984, 1, 0, 1, 4, 0, 0, 0, 0, 100, -1, 0, 0, 0, 0, '', '', 0, 1, 1, 2000), -- 124884
(126274, 0, 0, 0, 113, 113, 14, 0, 0, 2000, 1, 33554432, 33556480, 1, 0, 1, 3, 0, 0, 0, 0, 100, -1, 0, 0, 0, 0, '', '', 128, 1, 1.142857, 2000), -- 126274
(126829, 0, 0, 0, 113, 113, 35, 0, 0, 2000, 1, 33554432, 33556480, 1, 0, 1, 3, 0, 0, 0, 0, 100, -1, 0, 0, 0, 0, '', '', 128, 1, 1.142857, 2000), -- 126829
(126275, 0, 0, 0, 110, 110, 14, 0, 0, 2000, 1, 32768, 2048, 0, 0, 1, 3, 0, 0, 0, 0, 100, -1, 0, 0, 0, 0, '', '', 0, 1, 1, 2000), -- 126275
(126025, 0, 0, 0, 110, 110, 16, 0, 0, 2000, 1, 32768, 2099200, 0, 0, 1, 3, 0, 0, 0, 0, 100, -1, 0, 0, 0, 0, '', '', 0, 2, 0.7142857, 2000), -- 126025
(125197, 0, 0, 0, 110, 110, 16, 0, 0, 2000, 2, 32768, 2099200, 0, 0, 1, 3, 0, 110, 110, 0, 100, -1, 0, 0, 0, 0, '', '', 0, 1, 1.142857, 2000), -- 125197
(125755, 0, 0, 0, 110, 110, 16, 0, 0, 2000, 8, 32768, 2099200, 0, 0, 1, 3, 0, 110, 110, 0, 2000, -1, 0, 0, 0, 0, '', '', 0, 1, 1.142857, 2000), -- 125755
(125757, 0, 0, 0, 110, 110, 16, 0, 0, 2000, 8, 32768, 2099200, 0, 0, 1, 3, 0, 110, 110, 0, 2000, -1, 0, 0, 0, 0, '', '', 0, 1, 1.142857, 2000), -- 125757
(126593, 0, 0, 0, 110, 110, 190, 16777216, 0, 2000, 1, 768, 67110912, 0, 0, 1, 3, 0, 0, 0, 0, 100, -1, 0, 0, 0, 0, '', '', 0, 1, 1, 2000), -- 126593
(125776, 0, 0, 0, 110, 110, 16, 0, 0, 2000, 8, 33024, 2099200, 0, 0, 1, 3, 0, 110, 110, 0, 100, -1, 0, 0, 0, 0, '', '', 0, 1, 1.142857, 2000), -- 125776
(125777, 0, 0, 0, 110, 110, 16, 0, 0, 2000, 8, 33024, 2099200, 0, 0, 1, 3, 0, 110, 110, 0, 100, -1, 0, 0, 0, 0, '', '', 0, 1, 1.142857, 2000), -- 125777
(125921, 0, 0, 0, 110, 110, 16, 0, 0, 2000, 1, 32768, 2099200, 0, 0, 1, 3, 0, 110, 110, 0, 2000, -1, 0, 0, 0, 0, '', '', 0, 1, 1.142857, 2000), -- 125921
(125931, 0, 0, 0, 110, 110, 16, 0, 0, 2000, 2, 32768, 2099200, 0, 0, 1, 3, 0, 110, 110, 0, 100, -1, 0, 0, 0, 0, '', '', 0, 1, 1.142857, 2000), -- 125931
(127990, 0, 0, 0, 110, 110, 954, 0, 0, 2000, 2, 33587712, 0, 0, 0, 1, 3, 0, 98, 110, 0, 100, -1, 0, 0, 0, 0, '', '', 0, 1, 1.142857, 2000), -- 127990
(125936, 0, 0, 0, 110, 110, 16, 0, 0, 2000, 1, 32768, 2099200, 0, 0, 1, 3, 0, 110, 110, 0, 100, -1, 0, 0, 0, 0, '', '', 0, 1, 1.142857, 2000), -- 125936
(125954, 0, 0, 0, 110, 110, 16, 0, 0, 2000, 8, 32768, 2099200, 0, 0, 1, 3, 0, 110, 110, 0, 100, -1, 0, 0, 0, 0, '', '', 0, 1, 1.142857, 2000), -- 125954
(123488, 0, 0, 0, 110, 110, 190, 0, 0, 2000, 1, 536903936, 2099201, 8320, 0, 5, 3, 0, 0, 0, 0, 100, -1, 0, 0, 0, 0, '', '', 0, 1, 1.142857, 2000), -- 123488
(126231, 0, 0, 0, 110, 110, 16, 0, 0, 2000, 8, 32768, 2048, 0, 0, 1, 3, 0, 110, 110, 0, 100, -1, 0, 0, 0, 0, '', '', 0, 1, 1.142857, 2000), -- 126231
(125958, 0, 0, 0, 110, 110, 16, 0, 0, 2000, 1, 32768, 2099200, 0, 0, 1, 3, 0, 110, 110, 0, 100, -1, 0, 0, 0, 0, '', '', 0, 1, 1.142857, 2000), -- 125958
(123629, 0, 0, 0, 110, 110, 35, 16777216, 0, 2000, 1, 33536, 67110912, 0, 0, 1, 7, 0, 0, 0, 0, 100, -1, 0, 0, 0, 0, '', '', 0, 1, 1.142857, 2000), -- 123629
(125965, 0, 0, 0, 110, 110, 16, 0, 0, 2000, 1, 32768, 2099200, 0, 0, 1, 3, 0, 110, 110, 0, 2000, -1, 0, 0, 0, 0, '', '', 0, 1, 1.142857, 2000), -- 125965
(125280, 0, 0, 0, 112, 112, 14, 0, 0, 2000, 2, 32832, 4194304, 0, 0, 1, 3, 0, 112, 112, 0, 100, -1, 0, 0, 0, 0, '', '', 0, 2, 2, 2000), -- 125280
(125967, 0, 0, 0, 110, 110, 16, 0, 0, 2000, 8, 32768, 2099200, 0, 0, 1, 3, 0, 110, 110, 0, 100, -1, 0, 0, 0, 0, '', '', 0, 1, 1.142857, 2000), -- 125967
(125830, 0, 0, 0, 1, 1, 190, 0, 0, 2000, 1, 0, 2048, 0, 0, 1, 3, 0, 0, 0, 0, 100, -1, 0, 0, 0, 0, '', '', 0, 1, 1.142857, 2000), -- 125830
(125969, 0, 0, 0, 110, 110, 90, 0, 0, 2000, 2, 32768, 2099200, 0, 0, 1, 3, 0, 110, 110, 0, 100, -1, 0, 0, 0, 0, '', '', 0, 1, 1.142857, 2000), -- 125969
(125855, 0, 0, 0, 1, 1, 190, 0, 0, 2000, 1, 0, 2048, 0, 0, 1, 7, 0, 0, 0, 0, 100, -1, 0, 0, 0, 0, '', '', 0, 1, 1.142857, 2000), -- 125855
(123527, 0, 0, 0, 110, 110, 2753, 0, 0, 2000, 1, 32768, 33556480, 0, 0, 1, 3, 0, 0, 0, 0, 100, -1, 0, 0, 0, 0, '', '', 0, 1, 1.142857, 2000), -- 123527
(125313, 0, 0, 0, 110, 110, 14, 0, 0, 2000, 1, 33554432, 2048, 1, 0, 1, 3, 0, 110, 110, 0, 100, -1, 0, 0, 0, 0, '', '', 128, 6, 2.142857, 2000), -- 125313
(127098, 0, 0, 0, 112, 112, 16, 0, 0, 2000, 1, 32768, 4196352, 0, 0, 1, 3, 0, 0, 0, 0, 100, -1, 0, 0, 0, 0, '', '', 0, 1, 1.142857, 2000), -- 127098
(125865, 0, 0, 0, 110, 110, 16, 0, 0, 2000, 2, 32768, 2099200, 0, 0, 1, 3, 0, 110, 110, 0, 100, -1, 0, 0, 0, 0, '', '', 0, 1, 1.142857, 2000), -- 125865
(126556, 0, 0, 0, 110, 110, 35, 16777216, 0, 2000, 1, 0, 71305216, 1, 0, 1, 3, 0, 0, 0, 0, 100, -1, 0, 0, 0, 0, '', '', 0, 1, 1, 2000), -- 126556
(127108, 0, 0, 0, 111, 111, 35, 0, 0, 2000, 4, 32768, 33556480, 1, 0, 1, 3, 0, 0, 0, 0, 100, -1, 0, 0, 0, 0, '', '', 0, 1, 1.142857, 2000), -- 127108
(126565, 0, 0, 0, 110, 110, 35, 0, 0, 2000, 1, 0, 69208064, 1, 0, 1, 7, 0, 0, 0, 0, 100, -1, 0, 0, 0, 0, '', '', 0, 1, 1.142857, 2000), -- 126565
(126566, 0, 0, 0, 110, 110, 35, 0, 0, 2000, 1, 0, 69208064, 1, 0, 1, 3, 0, 0, 0, 0, 2000, -1, 0, 0, 0, 0, '', '', 0, 1, 1, 2000), -- 126566
(125745, 0, 0, 0, 110, 110, 16, 0, 0, 2000, 1, 32768, 2099200, 0, 0, 1, 3, 0, 110, 110, 0, 2000, -1, 0, 0, 0, 0, '', '', 0, 1, 1.142857, 2000), -- 125745
(125199, 0, 0, 0, 110, 110, 16, 0, 0, 2000, 2, 98304, 2099200, 0, 0, 1, 3, 0, 110, 110, 0, 100, -1, 0, 0, 0, 0, '', '', 0, 1, 1.142857, 2000), -- 125199
(125758, 0, 0, 0, 110, 110, 16, 0, 0, 2000, 2, 98304, 2099200, 0, 0, 1, 3, 0, 110, 110, 0, 100, -1, 0, 0, 0, 0, '', '', 0, 1, 1.142857, 2000), -- 125758
(125759, 0, 0, 0, 110, 110, 16, 0, 0, 2000, 2, 32768, 2099200, 0, 0, 1, 3, 0, 110, 110, 0, 100, -1, 0, 0, 0, 0, '', '', 0, 1, 1.142857, 2000), -- 125759
(127131, 0, 0, 0, 110, 110, 35, 0, 0, 2000, 1, 33554688, 67110912, 1, 0, 1, 3, 0, 0, 0, 0, 100, -1, 0, 0, 0, 0, '', '', 0, 1, 1.142857, 2000), -- 127131
(127280, 0, 0, 0, 1, 1, 190, 0, 0, 2000, 1, 32768, 2048, 1, 0, 1, 3, 0, 0, 0, 0, 100, -1, 0, 0, 0, 0, '', '', 0, 1, 1.142857, 2000), -- 127280
(125785, 0, 0, 0, 110, 110, 16, 0, 0, 2000, 1, 32768, 2099200, 0, 0, 1, 3, 0, 110, 110, 0, 2000, -1, 0, 0, 0, 0, '', '', 0, 1, 1.142857, 2000), -- 125785
(126335, 0, 0, 0, 110, 110, 16, 0, 0, 2000, 1, 32768, 2048, 0, 0, 1, 3, 0, 110, 110, 0, 2000, -1, 0, 0, 0, 0, '', '', 0, 1, 1.142857, 2000), -- 126335
(125788, 0, 0, 0, 110, 110, 16, 0, 0, 2000, 1, 537165824, 2099200, 0, 0, 1, 3, 0, 110, 110, 0, 100, -1, 0, 0, 0, 0, '', '', 0, 1, 1.142857, 2000), -- 125788
(126337, 0, 0, 0, 110, 110, 90, 0, 0, 2000, 1, 32768, 2048, 0, 0, 1, 3, 0, 110, 110, 0, 100, -1, 0, 0, 0, 0, '', '', 0, 1, 1.142857, 2000), -- 126337
(126341, 0, 0, 0, 111, 111, 1786, 0, 0, 2000, 1, 49152, 35653632, 1, 0, 1, 7, 0, 111, 111, 0, 100, -1, 0, 0, 0, 0, '', '', 0, 1, 2.857143, 2000), -- 126341
(125527, 0, 0, 0, 112, 112, 16, 0, 0, 2000, 2, 32832, 4194304, 0, 0, 1, 3, 0, 112, 112, 0, 100, -1, 0, 0, 0, 0, '', '', 0, 1, 1.714286, 2000), -- 125527
(128022, 0, 0, 0, 25, 25, 190, 1073741824, 0, 2000, 1, 33536, 2048, 0, 0, 1, 3, 0, 0, 0, 0, 100, -1, 0, 0, 0, 0, '', '', 0, 1, 1.142857, 2000), -- 128022
(128175, 0, 0, 0, 1, 1, 190, 1073741824, 0, 2000, 1, 33280, 2048, 0, 0, 1, 7, 0, 0, 0, 0, 100, -1, 0, 0, 0, 0, '', '', 0, 1, 0.8571429, 2000), -- 128175
(125849, 0, 0, 0, 110, 110, 190, 16777216, 0, 2000, 1, 768, 67110912, 0, 0, 1, 3, 0, 0, 0, 0, 100, -1, 0, 0, 0, 0, '', '', 0, 1, 1, 2000), -- 125849
(125576, 0, 0, 0, 110, 110, 14, 0, 0, 2000, 1, 33554432, 2048, 0, 0, 1, 3, 0, 110, 110, 0, 100, -1, 0, 0, 0, 0, '', '', 128, 0.4, 0.1428571, 2000), -- 125576
(125856, 0, 0, 0, 110, 110, 35, 16777216, 0, 2000, 1, 0, 1073743872, 0, 0, 1, 4, 0, 0, 0, 0, 100, -1, 0, 0, 0, 0, '', '', 0, 1, 1.314286, 2000), -- 125856
(127663, 0, 0, 0, 110, 110, 90, 0, 0, 2000, 1, 32768, 2099200, 0, 0, 1, 7, 0, 110, 110, 0, 100, -1, 0, 0, 0, 0, '', '', 0, 1, 1.142857, 2000), -- 127663
(126844, 0, 0, 0, 110, 110, 35, 0, 0, 2000, 1, 33570816, 67584, 0, 5567, 1, 7, 0, 0, 0, 0, 100, -1, 0, 0, 0, 0, '', '', 0, 2, 1.714286, 2000), -- 126844
(126165, 0, 0, 0, 110, 110, 1786, 0, 0, 2000, 1, 32768, 2048, 0, 0, 1, 3, 0, 110, 110, 0, 100, -1, 0, 0, 0, 0, '', '', 0, 1, 1.142857, 2000), -- 126165
(126168, 0, 0, 0, 110, 110, 1786, 0, 0, 2000, 1, 32768, 2048, 0, 0, 1, 3, 0, 110, 110, 0, 100, -1, 0, 0, 0, 0, '', '', 0, 1, 1.142857, 2000), -- 126168
(127266, 0, 0, 0, 1, 1, 190, 0, 0, 2000, 1, 32768, 2048, 1, 0, 1, 7, 0, 0, 0, 0, 100, -1, 0, 0, 0, 0, '', '', 0, 1, 1.142857, 2000), -- 127266
(128117, 0, 0, 0, 1, 1, 35, 0, 0, 2000, 1, 33554432, 33556480, 0, 0, 1, 3, 0, 0, 0, 0, 100, -1, 0, 0, 0, 0, '', '', 128, 1, 1.142857, 2000), -- 128117
(127982, 0, 0, 0, 110, 110, 90, 0, 0, 2000, 1, 360512, 2099200, 0, 0, 1, 3, 0, 110, 110, 0, 100, -1, 0, 0, 0, 0, '', '', 0, 1, 1.142857, 2000), -- 127982
(127608, 0, 0, 0, 1, 1, 190, 0, 0, 2000, 1, 0, 2048, 0, 0, 1, 7, 0, 0, 0, 0, 100, -1, 0, 0, 0, 0, '', '', 0, 1, 1.142857, 2000), -- 127608
(125148, 0, 0, 0, 112, 112, 14, 0, 0, 2000, 1, 32832, 4194304, 0, 0, 1, 3, 0, 112, 112, 0, 100, -1, 0, 0, 0, 0, '', '', 0, 1.6, 1.714286, 2000), -- 125148
(128163, 0, 0, 0, 1, 1, 190, 1073741824, 0, 2000, 1, 33280, 2048, 0, 0, 1, 3, 0, 0, 0, 0, 100, -1, 0, 0, 0, 0, '', '', 0, 1, 0.8571429, 2000), -- 128163
(127615, 0, 0, 0, 110, 110, 190, 0, 0, 2000, 1, 0, 2048, 0, 0, 1, 3, 0, 0, 0, 0, 100, -1, 0, 0, 0, 0, '', '', 0, 1, 1.142857, 2000), -- 127615
(126813, 0, 0, 0, 110, 110, 14, 0, 0, 2000, 1, 33554432, 69208064, 1, 0, 1, 3, 0, 0, 0, 0, 100, -1, 0, 0, 0, 0, '', '', 0, 1, 1.142857, 2000), -- 126813
(126547, 0, 0, 0, 110, 110, 190, 16777216, 0, 2000, 1, 768, 67110912, 0, 0, 1, 3, 0, 0, 0, 0, 100, -1, 0, 0, 0, 0, '', '', 0, 1, 1, 2000), -- 126547
(127103, 0, 0, 0, 110, 110, 1786, 0, 0, 2000, 2, 32768, 2048, 0, 0, 1, 3, 0, 110, 110, 0, 2000, -1, 0, 0, 0, 0, '', '', 0, 1, 1.142857, 2000), -- 127103
(127109, 0, 0, 0, 110, 110, 1786, 0, 0, 2000, 1, 32768, 2048, 0, 0, 1, 3, 0, 110, 110, 0, 2000, -1, 0, 0, 0, 0, '', '', 0, 1, 1.142857, 2000), -- 127109
(127811, 0, 0, 0, 112, 112, 954, 0, 0, 2000, 1, 2147779392, 2115584, 0, 0, 1, 3, 0, 112, 112, 0, 100, -1, 0, 0, 0, 0, '', '', 0, 1, 1.142857, 2000), -- 127811
(126870, 0, 0, 0, 110, 110, 1959, 0, 0, 2000, 1, 32768, 67110912, 1, 0, 1, 3, 0, 110, 110, 0, 100, -1, 0, 0, 0, 0, '', '', 0, 1, 1.142857, 2000), -- 126870
(122219, 0, 0, 0, 110, 110, 35, 0, 0, 2000, 1, 33554688, 1073743872, 0, 0, 1, 3, 0, 0, 0, 0, 100, -1, 0, 0, 0, 0, '', '', 128, 1, 1.142857, 2000), -- 122219
(125790, 0, 0, 0, 110, 110, 16, 0, 0, 2000, 1, 360448, 2099200, 0, 0, 1, 3, 0, 110, 110, 0, 100, -1, 0, 0, 0, 0, '', '', 0, 1, 1.142857, 2000), -- 125790
(124835, 0, 0, 0, 112, 112, 16, 0, 0, 2000, 1, 16384, 4194304, 0, 0, 1, 3, 0, 0, 0, 0, 100, -1, 0, 0, 0, 0, '', '', 0, 1, 1.142857, 2000), -- 124835
(125938, 0, 0, 0, 110, 110, 16, 0, 0, 2000, 1, 32768, 2099200, 0, 0, 1, 3, 0, 110, 110, 0, 100, -1, 0, 0, 0, 0, '', '', 0, 1, 1.142857, 2000), -- 125938
(125939, 0, 0, 0, 110, 110, 16, 0, 0, 2000, 2, 360512, 2099200, 0, 0, 1, 3, 0, 110, 110, 0, 100, -1, 0, 0, 0, 0, '', '', 0, 1, 1.428571, 2000), -- 125939
(124711, 0, 0, 0, 110, 110, 190, 0, 0, 2000, 1, 537166592, 67651584, 0, 0, 1, 3, 0, 0, 0, 0, 100, -1, 0, 0, 0, 0, '', '', 0, 1, 1.142857, 2000), -- 124711
(126230, 0, 0, 0, 110, 110, 16, 0, 0, 2000, 8, 32768, 2048, 0, 0, 1, 3, 0, 110, 110, 0, 100, -1, 0, 0, 0, 0, '', '', 0, 1, 1.142857, 2000), -- 126230
(125970, 0, 0, 0, 110, 110, 16, 0, 0, 2000, 1, 98304, 2099200, 0, 0, 1, 3, 0, 98, 110, 0, 100, -1, 0, 0, 0, 0, '', '', 0, 1, 1.142857, 2000), -- 125970
(124738, 0, 0, 0, 110, 110, 190, 0, 0, 2000, 1, 537166592, 67651584, 0, 0, 1, 3, 0, 0, 0, 0, 100, -1, 0, 0, 0, 0, '', '', 0, 1, 1.142857, 2000), -- 124738
(127214, 0, 0, 0, 112, 112, 16, 0, 0, 2000, 1, 49152, 2099200, 0, 0, 1, 3, 0, 0, 0, 0, 100, -1, 0, 0, 0, 0, '', '', 0, 1, 1.142857, 2000), -- 127214
(126120, 0, 0, 0, 110, 110, 190, 16777216, 0, 2000, 1, 768, 67110912, 0, 0, 1, 3, 0, 0, 0, 0, 100, -1, 0, 0, 0, 0, '', '', 0, 1, 1, 2000), -- 126120
(127356, 0, 0, 0, 110, 110, 14, 0, 0, 2000, 1, 33555200, 2048, 0, 0, 1, 3, 0, 0, 0, 0, 100, -1, 0, 0, 0, 0, '', '', 0, 1, 1.142857, 2000), -- 127356
(125586, 0, 0, 0, 110, 110, 14, 0, 0, 2000, 1, 33587200, 2048, 0, 0, 1, 3, 0, 110, 110, 0, 100, -1, 0, 0, 0, 0, '', '', 0, 1, 0.7142857, 2000), -- 125586
(125587, 0, 0, 0, 112, 112, 14, 0, 0, 2000, 2, 32832, 4194304, 0, 0, 1, 3, 0, 112, 112, 0, 100, -1, 0, 0, 0, 0, '', '', 0, 1, 1.428571, 2000), -- 125587
(127378, 0, 0, 0, 112, 112, 16, 0, 0, 2000, 1, 256, 2048, 0, 0, 1, 3, 0, 0, 0, 0, 100, -1, 0, 0, 0, 0, '', '', 0, 1, 1.142857, 2000), -- 127378
(125468, 0, 0, 0, 110, 110, 16, 0, 0, 2000, 1, 32768, 2048, 0, 0, 1, 3, 0, 110, 110, 0, 100, -1, 0, 0, 0, 0, '', '', 0, 1, 1.142857, 2000), -- 125468
(127257, 0, 0, 0, 112, 112, 16, 0, 0, 2000, 1, 768, 71305216, 0, 0, 1, 7, 0, 0, 0, 0, 100, -1, 0, 0, 0, 0, '', '', 0, 1, 1.142857, 2000), -- 127257
(127404, 0, 0, 0, 110, 110, 1959, 0, 0, 2000, 1, 32768, 67110912, 1, 0, 1, 3, 0, 110, 110, 0, 100, -1, 0, 0, 0, 0, '', '', 0, 1, 1.142857, 2000), -- 127404
(121643, 0, 0, 0, 110, 110, 35, 0, 0, 2000, 1, 33587712, 2048, 1, 0, 1, 3, 0, 0, 0, 0, 100, -1, 0, 0, 0, 0, '', '', 128, 1, 1.142857, 2000), -- 121643
(120586, 0, 0, 0, 110, 110, 954, 0, 0, 2000, 1, 33554432, 102762496, 0, 0, 1, 7, 0, 0, 0, 0, 100, -1, 0, 0, 0, 0, '', '', 0, 1, 1.142857, 2000), -- 120586
(126446, 0, 0, 0, 111, 111, 35, 16777216, 0, 2000, 4, 32768, 33556480, 1, 0, 1, 3, 0, 0, 0, 0, 100, -1, 0, 0, 0, 0, '', '', 0, 1, 1.142857, 2000), -- 126446
(126196, 0, 0, 0, 110, 110, 1786, 16777216, 0, 2000, 1, 33024, 18432, 0, 0, 1, 3, 0, 110, 110, 0, 2000, -1, 0, 0, 0, 0, '', '', 0, 1, 1, 2000), -- 126196
(126499, 0, 0, 0, 110, 110, 190, 16777216, 0, 2000, 1, 768, 67110912, 0, 0, 1, 3, 0, 0, 0, 0, 100, -1, 0, 0, 0, 0, '', '', 0, 1, 1, 2000), -- 126499
(126244, 0, 0, 0, 110, 110, 1786, 0, 0, 2000, 1, 32784, 33556480, 0, 0, 1, 3, 0, 0, 0, 0, 100, -1, 0, 0, 0, 0, '', '', 0, 1, 1, 2000), -- 126244
(125137, 0, 0, 0, 112, 112, 14, 0, 0, 2000, 1, 32832, 4194304, 0, 0, 1, 3, 0, 112, 112, 0, 100, -1, 0, 0, 0, 0, '', '', 0, 1.6, 1.714286, 2000), -- 125137
(126842, 0, 0, 0, 110, 110, 14, 0, 0, 2000, 1, 33554432, 2048, 1, 0, 1, 3, 0, 0, 0, 0, 100, -1, 0, 0, 0, 0, '', '', 0, 1, 0.9920629, 2000), -- 126842
(126577, 0, 0, 0, 100, 100, 35, 0, 0, 2000, 1, 33587200, 71337984, 0, 0, 1, 3, 0, 0, 0, 0, 100, -1, 0, 0, 0, 0, '', '', 128, 1, 1.142857, 2000); -- 126577

DELETE FROM creature_template WHERE entry in (126595);
INSERT INTO `creature_template` (`entry`, `gossip_menu_id`, `minlevel`, `maxlevel`, `SandboxScalingID`, `ScaleLevelMin`, `ScaleLevelMax`, `ScaleLevelDelta`, `ScaleLevelDuration`, `exp`, `faction`, `npcflag`, `npcflag2`, `speed_walk`, `speed_run`, `speed_fly`, `scale`, `mindmg`, `maxdmg`, `dmgschool`, `attackpower`, `dmg_multiplier`, `baseattacktime`, `rangeattacktime`, `unit_class`, `unit_flags`, `unit_flags2`, `unit_flags3`, `dynamicflags`, `trainer_type`, `trainer_spell`, `trainer_class`, `trainer_race`, `minrangedmg`, `maxrangedmg`, `rangedattackpower`, `lootid`, `pickpocketloot`, `skinloot`, `resistance1`, `resistance2`, `resistance3`, `resistance4`, `resistance5`, `resistance6`, `spell1`, `spell2`, `spell3`, `spell4`, `spell5`, `spell6`, `spell7`, `spell8`, `PetSpellDataId`, `VehicleId`, `mingold`, `maxgold`, `AIName`, `MovementType`, `InhabitType`, `HoverHeight`, `Mana_mod_extra`, `Armor_mod`, `RegenHealth`, `mechanic_immune_mask`, `flags_extra`, `ControllerID`, `WorldEffects`, `PassiveSpells`, `StateWorldEffectID`, `SpellStateVisualID`, `SpellStateAnimID`, `SpellStateAnimKitID`, `IgnoreLos`, `AffixState`, `ScriptName`) VALUES
('126595', '0', '110', '110', '0', '0', '0', '0', '0', '0', '16', '0', '0', '1', '1.14286', '1.14286', '1', '0', '0', '0', '0', '1', '2000', '2000', '1', '0', '0', '0', '0', '0', '0', '0', '0', '0', '0', '0', '0', '0', '0', '0', '0', '0', '0', '0', '0', '0', '0', '0', '0', '0', '0', '0', '0', '0', '0', '0', '0', '', '0', '3', '1', '1', '1', '1', '0', '0', '0', '', '', '0', '0', '0', '0', '0', '0', '');

DELETE FROM `npc_spellclick_spells` WHERE `npc_entry` in (124884, 126556, 127108, 126593, 123629, 125856, 125849, 126547, 127811, 126120, 126446, 126499, 126196);
INSERT INTO `npc_spellclick_spells` (`npc_entry`, `spell_id`, `cast_flags`, `user_type`) VALUES
(124884, 247069, 1, 0),
(126556, 252171, 1, 0),
(127108, 186538, 1, 0),
(126593, 247069, 1, 0),
(123629, 247788, 1, 0),
(125856, 252470, 1, 0),
(125849, 247069, 1, 0),
(126547, 247069, 1, 0),
(127811, 253727, 1, 0),
(126120, 247069, 1, 0),
(126446, 252320, 1, 0),
(126499, 247069, 1, 0),
(126196, 207281, 1, 0);

DELETE FROM `areatrigger_polygon` WHERE `entry`=15890;
INSERT INTO `areatrigger_polygon` (`entry`, `spellId`, `type`, `id`, `x`, `y`) VALUES
(15890, 248760, 1, 0, 0, 7),
(15890, 248760, 1, 1, 0, -7),
(15890, 248760, 1, 2, 3, -7),
(15890, 248760, 1, 3, 3, 7);

DELETE FROM `scenario_data` WHERE `ScenarioID` in (1411, 1391, 1409, 1404, 1394, 1406);
INSERT INTO `scenario_data` (`ScenarioID`, `mapId`, `DifficultyID`) VALUES
(1391, 1779, 8), -- 1391
(1411, 1779, 8), -- 1411
(1409, 1779, 8), -- 1409
(1404, 1779, 8), -- 1404
(1394, 1779, 8), -- 1394
(1406, 1779, 8); -- 1406

DELETE FROM areatrigger_actions WHERE entry in (11431,11527);
INSERT INTO `areatrigger_actions` (`entry`, `customEntry`, `id`, `moment`, `actionType`, `targetFlags`, `spellId`, `maxCharges`, `hasAura`, `hasAura2`, `hasAura3`, `hasspell`, `chargeRecoveryTime`, `scaleStep`, `scaleMin`, `scaleMax`, `hitMaxCount`, `amount`, `onDespawn`, `auraCaster`, `minDistance`, `comment`) VALUES
('11431', '0', '0', '0', '1', '8', '251889', '0', '0', '0', '0', '0', '0', '0', '0', '0', '0', '0', '0', '0', '0', 'Замедляющие ветра'),
('11431', '0', '1', '1', '2', '8', '251889', '0', '0', '0', '0', '0', '0', '0', '0', '0', '0', '0', '0', '0', '0', 'Замедляющие ветра'),
('11527', '0', '0', '1', '0', '16', '250240', '0', '0', '0', '0', '0', '0', '0', '0', '0', '0', '0', '0', '0', '0', 'Искажение времени'),
('11527', '0', '1', '2', '1', '16', '250240', '0', '0', '0', '0', '0', '0', '0', '0', '0', '0', '0', '0', '0', '0', 'Искажение времени'),
('11527', '0', '2', '8', '1', '16', '250240', '0', '0', '0', '0', '0', '0', '0', '0', '0', '0', '0', '0', '0', '0', 'Искажение времени');

DELETE FROM creature WHERE id in (126547,126120,125849,126593,126499,125863);
INSERT INTO `creature` (`guid`, `id`, `map`, `zoneId`, `areaId`, `spawnMask`, `phaseMask`, `PhaseId`, `modelid`, `equipment_id`, `position_x`, `position_y`, `position_z`, `orientation`, `spawntimesecs`, `spawndist`, `currentwaypoint`, `curhealth`, `curmana`, `MovementType`, `npcflag`, `npcflag2`, `unit_flags`, `dynamicflags`, `AiID`, `MovementID`, `MeleeID`, `isActive`, `skipClone`, `personal_size`) VALUES
('505490', '125849', '1669', '8899', '9152', '1', '1', '', '0', '0', '-3357.36', '9082.36', '-167.975', '1.36454', '180', '0', '0', '0', '0', '0', '0', '0', '0', '0', '0', '0', '0', '0', '0', '0'),
('505491', '125863', '1669', '8574', '9181', '1', '1', '', '0', '0', '1815.95', '1045.21', '501.559', '1.17201', '180', '0', '0', '0', '0', '0', '0', '0', '0', '0', '0', '0', '0', '0', '0', '0'),
('505492', '126120', '1669', '8574', '8696', '1', '1', '', '0', '0', '628.252', '1222.4', '442', '0.0901597', '180', '0', '0', '0', '0', '0', '0', '0', '0', '0', '0', '0', '0', '0', '0', '0'),
('505493', '126499', '1669', '8899', '9151', '1', '1', '', '0', '0', '-3267.78', '8807.69', '-148.796', '2.09653', '180', '0', '0', '0', '0', '0', '0', '0', '0', '0', '0', '0', '0', '0', '0', '0'),
('505494', '126547', '1669', '8701', '8884', '1', '1', '', '0', '0', '6215.54', '9557.91', '-79.6274', '3.098', '180', '0', '0', '0', '0', '0', '0', '0', '0', '0', '0', '0', '0', '0', '0', '0'),
('505495', '126593', '1669', '8899', '9157', '1', '1', '', '0', '0', '-2458.95', '9397.22', '-128.84', '1.61651', '180', '0', '0', '0', '0', '0', '0', '0', '0', '0', '0', '0', '0', '0', '0', '0'),
('505496', '126499', '1669', '8574', '8949', '1', '1', '', '0', '0', '739.359', '2011.26', '391.579', '6.09644', '300', '0', '0', '0', '0', '0', '0', '0', '0', '0', '0', '0', '0', '0', '0', '0'),
('505497', '126593', '1669', '8701', '8882', '1', '1', '', '0', '0', '5787.01', '9248.33', '-28.0839', '2.49424', '300', '0', '0', '0', '0', '0', '0', '0', '0', '0', '0', '0', '0', '0', '0', '0'),
('505498', '125863', '1669', '8899', '9149', '1', '1', '', '0', '0', '-2544.58', '8999.74', '-138.304', '3.53884', '300', '0', '0', '0', '0', '0', '0', '0', '0', '0', '0', '0', '0', '0', '0', '0'),
('505499', '126547', '1669', '8899', '9158', '1', '1', '', '0', '0', '-2226.47', '9383.3', '-59.8244', '4.45775', '300', '0', '0', '0', '0', '0', '0', '0', '0', '0', '0', '0', '0', '0', '0', '0'),
('505500', '125849', '1669', '8701', '8701', '1', '1', '', '0', '0', '6352.76', '10282.4', '38.6063', '4.03362', '300', '0', '0', '0', '0', '0', '0', '0', '0', '0', '0', '0', '0', '0', '0', '0'),
('505501', '126120', '1669', '8899', '9143', '1', '1', '', '0', '0', '-2763.58', '9230.25', '-169.673', '5.05466', '300', '0', '0', '0', '0', '0', '0', '0', '0', '0', '0', '0', '0', '0', '0', '0');

DELETE FROM game_event WHERE eventEntry in (180,181,182,183,184,185,186,187,188,189,190,191);
INSERT INTO `game_event` (`eventEntry`, `start_time`, `end_time`, `occurence`, `length`, `holiday`, `description`, `world_event`) VALUES
('180', '2018-08-06 00:57:00', '2030-01-01 02:00:00', '1440', '360', '0', 'Invasion Points Argus #1', '0'),
('181', '2018-08-06 02:57:00', '2030-01-01 02:00:00', '1440', '360', '0', 'Invasion Points Argus #2', '0'),
('182', '2018-08-06 04:57:00', '2030-01-01 02:00:00', '1440', '360', '0', 'Invasion Points Argus #3', '0'),
('183', '2018-08-06 06:57:00', '2030-01-01 02:00:00', '1440', '360', '0', 'Invasion Points Argus #4', '0'),
('184', '2018-08-06 08:57:00', '2030-01-01 02:00:00', '1440', '360', '0', 'Invasion Points Argus #5', '0'),
('185', '2018-08-06 10:57:00', '2030-01-01 02:00:00', '1440', '360', '0', 'Invasion Points Argus #6', '0'),
('186', '2018-08-06 12:57:00', '2030-01-01 02:00:00', '1440', '360', '0', 'Invasion Points Argus #7', '0'),
('187', '2018-08-06 14:57:00', '2030-01-01 02:00:00', '1440', '360', '0', 'Invasion Points Argus #8', '0'),
('188', '2018-08-06 16:57:00', '2030-01-01 02:00:00', '1440', '360', '0', 'Invasion Points Argus #9', '0'),
('189', '2018-08-06 18:57:00', '2030-01-01 02:00:00', '1440', '360', '0', 'Invasion Points Argus #10', '0'),
('190', '2018-08-06 20:57:00', '2030-01-01 02:00:00', '1440', '360', '0', 'Invasion Points Argus #11', '0'),
('191', '2018-08-06 22:57:00', '2030-01-01 02:00:00', '1440', '360', '0', 'Invasion Points Argus #12', '0');

DELETE FROM game_event_creature WHERE eventEntry in (180,181,182,183,184,185,186,187,188,189,190,191);
INSERT INTO `game_event_creature` (`eventEntry`, `guid`) VALUES
('180', '505492'),
('181', '505493'),
('182', '505494'),
('183', '505490'),
('184', '505497'),
('185', '505496'),
('186', '505501'),
('187', '505491'),
('188', '505500'),
('189', '505499'),
('190', '505495'),
('191', '505498');

DELETE FROM spell_target_position WHERE id in (199494,181008);
INSERT INTO `spell_target_position` (`id`, `target_map`, `target_position_x`, `target_position_y`, `target_position_z`, `target_orientation`) VALUES
('199494', '1220', '-881.84', '4417.26', '737.44', '0.84752'),
('181008', '1220', '-881.84', '4417.26', '737.44', '0.84752');

REPLACE INTO `outdoorpvp_template` (`TypeId`, `ScriptName`, `comment`) VALUES
('10', 'outdoorpvp_argus', 'Argus invasion');

DELETE FROM spell_area WHERE spell in (199494,181008,252472);
INSERT INTO `spell_area` (`spell`, `area`, `quest_start`, `quest_end`, `aura_spell`, `racemask`, `classmask`, `active_event`, `gender`, `autocast`, `quest_start_status`, `quest_end_status`) VALUES
('199494', '9126', '0', '0', '0', '0', '0', '0', '2', '1', '64', '11'),
('199494', '9102', '0', '0', '0', '0', '0', '0', '2', '1', '64', '11'),
('199494', '9100', '0', '0', '0', '0', '0', '0', '2', '1', '64', '11'),
('199494', '9180', '0', '0', '0', '0', '0', '0', '2', '1', '64', '11'),
('199494', '9127', '0', '0', '0', '0', '0', '0', '2', '1', '64', '11'),
('199494', '9128', '0', '0', '0', '0', '0', '0', '2', '1', '64', '11'),
('181008', '9297', '0', '0', '0', '0', '0', '0', '2', '1', '64', '11'),
('181008', '9296', '0', '0', '0', '0', '0', '0', '2', '1', '64', '11'),
('181008', '9300', '0', '0', '0', '0', '0', '0', '2', '1', '64', '11'),
('181008', '9298', '0', '0', '0', '0', '0', '0', '2', '1', '64', '11'),
('181008', '9299', '0', '0', '0', '0', '0', '0', '2', '1', '64', '11'),
('181008', '9295', '0', '0', '0', '0', '0', '0', '2', '1', '64', '11'),
('252472', '9100', '0', '0', '0', '0', '0', '0', '2', '0', '64', '11'); -- conditions

DELETE FROM conditions WHERE SourceEntry in (181008,199494,252310,252327,252790,252778);
INSERT INTO `conditions` (`SourceTypeOrReferenceId`, `SourceGroup`, `SourceEntry`, `SourceId`, `ElseGroup`, `ConditionTypeOrReference`, `ConditionTarget`, `ConditionValue1`, `ConditionValue2`, `ConditionValue3`, `NegativeCondition`, `ErrorTextId`, `ScriptName`, `Comment`) VALUES
('17', '0', '199494', '0', '0', '17', '0', '12085', '0', '0', '1', '0', '', 'true if player have achievement'),
('17', '0', '199494', '0', '0', '62', '0', '0', '0', '0', '1', '0', '', 'true if player is not gamemaster'),
('17', '0', '181008', '0', '0', '8', '0', '48513', '0', '0', '1', '0', '', 'true if player not reward quest'),
('17', '0', '181008', '0', '0', '62', '0', '0', '0', '0', '1', '0', '', 'true if player is not gamemaster'),
('13', '1', '252310', '0', '0', '31', '0', '3', '127131', '0', '0', '0', '', 'to target'),
('13', '1', '252327', '0', '0', '31', '0', '3', '125874', '0', '0', '0', '', 'to target'),
('13', '7', '252790', '0', '0', '31', '0', '3', '127378', '0', '0', '0', '', 'to target'),
('13', '1', '252778', '0', '0', '31', '0', '3', '124835', '0', '0', '0', '', 'to target');

DELETE FROM creature_text WHERE Entry in (125755);
INSERT INTO `creature_text` (`Entry`, `GroupID`, `ID`, `Text`, `Type`, `Language`, `Probability`, `Emote`, `Duration`, `Sound`, `BroadcastTextID`, `MinTimer`, `MaxTimer`, `SpellID`, `comment`) VALUES
('125755', '0', '0', 'Познай истинную мощь!', '12', '0', '100', '0', '0', '57006', '105125', '0', '0', '0', 'Завоевательница пламени Скверны to Player'),
('125755', '0', '1', 'Твоя смерть будет быстрой и мучительной!', '12', '0', '100', '0', '0', '56980', '105124', '0', '0', '0', 'Завоевательница пламени Скверны to Player');

DELETE FROM creature WHERE id in (125755,126007,126083,126987) and areaid=9128; -- Сенгва
INSERT INTO `creature` (`id`, `map`, `zoneId`, `areaId`, `spawnMask`, `phaseMask`, `PhaseId`, `modelid`, `equipment_id`, `position_x`, `position_y`, `position_z`, `orientation`, `spawntimesecs`, `spawndist`, `currentwaypoint`, `curhealth`, `curmana`, `MovementType`, `npcflag`, `npcflag2`, `unit_flags`, `dynamicflags`, `AiID`, `MovementID`, `MeleeID`, `isActive`, `skipClone`, `personal_size`) VALUES
('125755', '1779', '9128', '9128', '1', '1', '', '0', '0', '-1434.16', '732.618', '61.0929', '4.00307', '300', '0', '0', '0', '0', '0', '0', '0', '0', '0', '0', '0', '0', '0', '0', '0'),
('125755', '1779', '9128', '9128', '1', '1', '', '0', '0', '-1425.54', '770.398', '61.7309', '0.355578', '300', '0', '0', '0', '0', '0', '0', '0', '0', '0', '0', '0', '0', '0', '0', '0'),
('126007', '1779', '9128', '9128', '1', '1', '', '0', '0', '-1273.61', '666.458', '178.205', '2.56044', '300', '0', '0', '0', '0', '0', '0', '0', '0', '0', '0', '0', '0', '0', '0', '0'),
('126083', '1779', '9128', '9128', '1', '1', '', '0', '0', '-1358.87', '692.507', '68.573', '4.91262', '300', '0', '0', '0', '0', '0', '0', '0', '0', '0', '13792', '0', '0', '0', '0', '0'),
('126987', '1779', '9128', '9128', '1', '1', '', '0', '0', '-1440.15', '765.066', '63.0983', '0.258034', '300', '0', '0', '0', '0', '1', '0', '0', '0', '0', '0', '0', '0', '0', '0', '0'),
('126987', '1779', '9128', '9128', '1', '1', '', '0', '0', '-1383.14', '768.865', '62.6212', '2.5508', '300', '0', '0', '0', '0', '0', '0', '0', '0', '0', '0', '0', '0', '0', '0', '0'),
('126987', '1779', '9128', '9128', '1', '1', '', '0', '0', '-1397.75', '755.663', '62.3141', '4.13222', '300', '0', '0', '0', '0', '0', '0', '0', '0', '0', '0', '0', '0', '0', '0', '0'),
('126987', '1779', '9128', '9128', '1', '1', '', '0', '0', '-1352.39', '751.738', '62.8666', '0.156644', '300', '0', '0', '0', '0', '0', '0', '0', '0', '0', '0', '0', '0', '0', '0', '0'),
('126987', '1779', '9128', '9128', '1', '1', '', '0', '0', '-1351.91', '803.316', '62.7439', '2.80447', '300', '0', '0', '0', '0', '1', '0', '0', '0', '0', '0', '0', '0', '0', '0', '0'),
('126987', '1779', '9128', '9128', '1', '1', '', '0', '0', '-1329.55', '773.161', '63.507', '0.947617', '300', '0', '0', '0', '0', '0', '0', '0', '0', '0', '0', '0', '0', '0', '0', '0');

DELETE FROM creature WHERE id in (126556,126565,126566,127131) and areaid=9102; -- Найтал
INSERT INTO `creature` (`id`, `map`, `zoneId`, `areaId`, `spawnMask`, `phaseMask`, `PhaseId`, `modelid`, `equipment_id`, `position_x`, `position_y`, `position_z`, `orientation`, `spawntimesecs`, `spawndist`, `currentwaypoint`, `curhealth`, `curmana`, `MovementType`, `npcflag`, `npcflag2`, `unit_flags`, `dynamicflags`, `AiID`, `MovementID`, `MeleeID`, `isActive`, `skipClone`, `personal_size`) VALUES
('126556', '1779', '9102', '9102', '1', '1', '', '0', '0', '-1903.68', '-1496.92', '8.10742', '0.994838', '300', '0', '0', '0', '0', '0', '0', '0', '0', '0', '0', '0', '0', '0', '0', '0'),
('126556', '1779', '9102', '9102', '1', '1', '', '0', '0', '-1759.75', '-1522.16', '8.64318', '2.75762', '300', '0', '0', '0', '0', '0', '0', '0', '0', '0', '0', '0', '0', '0', '0', '0'),
('126556', '1779', '9102', '9102', '1', '1', '', '0', '0', '-1904.07', '-1534.82', '8.03367', '3.36848', '300', '0', '0', '0', '0', '0', '0', '0', '0', '0', '0', '0', '0', '0', '0', '0'),
('126556', '1779', '9102', '9102', '1', '1', '', '0', '0', '-1849.79', '-1631.41', '1.15871', '4.72984', '300', '0', '0', '0', '0', '0', '0', '0', '0', '0', '0', '0', '0', '0', '0', '0'),
('126556', '1779', '9102', '9102', '1', '1', '', '0', '0', '-1759.96', '-1583.01', '5.25955', '3.21141', '300', '0', '0', '0', '0', '0', '0', '0', '0', '0', '0', '0', '0', '0', '0', '0'),
('126556', '1779', '9102', '9102', '1', '1', '', '0', '0', '-1786.25', '-1440.16', '18.9099', '4.27606', '300', '0', '0', '0', '0', '0', '0', '0', '0', '0', '0', '0', '0', '0', '0', '0'),
('126556', '1779', '9102', '9102', '1', '1', '', '0', '0', '-1840.69', '-1396.93', '9.7569', '0.174533', '300', '0', '0', '0', '0', '0', '0', '0', '0', '0', '0', '0', '0', '0', '0', '0'),
('126565', '1779', '9102', '9102', '1', '1', '', '0', '0', '-1897.08', '-1506.12', '6.7856', '3.12436', '300', '0', '0', '0', '0', '0', '0', '0', '0', '0', '0', '0', '0', '0', '0', '0'),
('126565', '1779', '9102', '9102', '1', '1', '', '0', '0', '-1796.5', '-1559.71', '28.0648', '0.301193', '300', '0', '0', '0', '0', '0', '0', '0', '0', '0', '0', '0', '0', '0', '0', '0'),
('126565', '1779', '9102', '9102', '1', '1', '', '0', '0', '-1798.83', '-1548.64', '28.0648', '0.316865', '300', '0', '0', '0', '0', '0', '0', '0', '0', '0', '0', '0', '0', '0', '0', '0'),
('126565', '1779', '9102', '9102', '1', '1', '', '0', '0', '-1781.63', '-1522.89', '29.8725', '0.208054', '300', '0', '0', '0', '0', '0', '0', '0', '0', '0', '0', '0', '0', '0', '0', '0'),
('126565', '1779', '9102', '9102', '1', '1', '', '0', '0', '-1884.87', '-1450.21', '68.7931', '6.22272', '300', '0', '0', '0', '0', '0', '0', '0', '0', '0', '0', '0', '0', '0', '0', '0'),
('126565', '1779', '9102', '9102', '1', '1', '', '0', '0', '-1816.36', '-1535.73', '47', '5.47731', '300', '0', '0', '0', '0', '0', '0', '0', '0', '0', '0', '0', '0', '0', '0', '0'),
('126565', '1779', '9102', '9102', '1', '1', '', '0', '0', '-1837.51', '-1497.59', '51.5616', '1.74411', '300', '0', '0', '0', '0', '0', '0', '0', '0', '0', '0', '0', '0', '0', '0', '0'),
('126565', '1779', '9102', '9102', '1', '1', '', '0', '0', '-1741.61', '-1565.91', '58.5', '5.4636', '300', '0', '0', '0', '0', '0', '0', '0', '0', '0', '0', '0', '0', '0', '0', '0'),
('126565', '1779', '9102', '9102', '1', '1', '', '0', '0', '-1731.88', '-1563.17', '58', '6.19194', '300', '0', '0', '0', '0', '0', '0', '0', '0', '0', '0', '0', '0', '0', '0', '0'),
('126566', '1779', '9102', '9102', '1', '1', '', '0', '0', '-1763.59', '-1576.21', '5.54398', '0', '300', '0', '0', '0', '0', '0', '0', '0', '0', '0', '0', '0', '0', '0', '0', '0'),
('126566', '1779', '9102', '9102', '1', '1', '', '0', '0', '-1763.13', '-1526.94', '8.3175', '0', '300', '0', '0', '0', '0', '0', '0', '0', '0', '0', '0', '0', '0', '0', '0', '0'),
('126566', '1779', '9102', '9102', '1', '1', '', '0', '0', '-1806.17', '-1616.81', '2.04861', '0', '300', '0', '0', '0', '0', '0', '0', '0', '0', '0', '0', '0', '0', '0', '0', '0'),
('126566', '1779', '9102', '9102', '1', '1', '', '0', '0', '-1844.87', '-1627.9', '1.21585', '0', '300', '0', '0', '0', '0', '0', '0', '0', '0', '0', '0', '0', '0', '0', '0', '0'),
('126566', '1779', '9102', '9102', '1', '1', '', '0', '0', '-1806.46', '-1618.53', '1.8478', '0', '300', '0', '0', '0', '0', '0', '0', '0', '0', '0', '0', '0', '0', '0', '0', '0'),
('126566', '1779', '9102', '9102', '1', '1', '', '0', '0', '-1870.68', '-1597.63', '1.25031', '6.1878', '300', '0', '0', '0', '0', '0', '0', '0', '0', '0', '0', '0', '0', '0', '0', '0'),
('126566', '1779', '9102', '9102', '1', '1', '', '0', '0', '-1845.04', '-1609.56', '0.353986', '1.3848', '300', '0', '0', '0', '0', '0', '0', '0', '0', '0', '0', '0', '0', '0', '0', '0'),
('126566', '1779', '9102', '9102', '1', '1', '', '0', '0', '-1850.08', '-1607.51', '-0.0487067', '2.918', '300', '0', '0', '0', '0', '0', '0', '0', '0', '0', '0', '0', '0', '0', '0', '0'),
('126566', '1779', '9102', '9102', '1', '1', '', '0', '0', '-1846.85', '-1599.53', '0.540439', '4.7376', '300', '0', '0', '0', '0', '0', '0', '0', '0', '0', '0', '0', '0', '0', '0', '0'),
('126566', '1779', '9102', '9102', '1', '1', '', '0', '0', '-1851.3', '-1601.52', '-0.30889', '3.3195', '300', '0', '0', '0', '0', '0', '0', '0', '0', '0', '0', '0', '0', '0', '0', '0'),
('126566', '1779', '9102', '9102', '1', '1', '', '0', '0', '-1847.38', '-1604.29', '0.026669', '6.22305', '300', '0', '0', '0', '0', '0', '0', '0', '0', '0', '0', '0', '0', '0', '0', '0'),
('126566', '1779', '9102', '9102', '1', '1', '', '0', '0', '-1903.79', '-1530.69', '8.20761', '0', '300', '0', '0', '0', '0', '0', '0', '0', '0', '0', '0', '0', '0', '0', '0', '0'),
('126566', '1779', '9102', '9102', '1', '1', '', '0', '0', '-1851.55', '-1563.12', '0.0531757', '1.89646', '300', '0', '0', '0', '0', '0', '0', '0', '0', '0', '0', '0', '0', '0', '0', '0'),
('126566', '1779', '9102', '9102', '1', '1', '', '0', '0', '-1854.5', '-1565.2', '-0.00614402', '1.89646', '300', '0', '0', '0', '0', '0', '0', '0', '0', '0', '0', '0', '0', '0', '0', '0'),
('126566', '1779', '9102', '9102', '1', '1', '', '0', '0', '-1779.5', '-1589.01', '3.00447', '0.893103', '300', '0', '0', '0', '0', '0', '0', '0', '0', '0', '0', '0', '0', '0', '0', '0'),
('126566', '1779', '9102', '9102', '1', '1', '', '0', '0', '-1798.32', '-1588.51', '1.83215', '1.00249', '300', '0', '0', '0', '0', '0', '0', '0', '0', '0', '0', '0', '0', '0', '0', '0'),
('126566', '1779', '9102', '9102', '1', '1', '', '0', '0', '-1846.69', '-1563.85', '0.27918', '1.89646', '300', '0', '0', '0', '0', '0', '0', '0', '0', '0', '0', '0', '0', '0', '0', '0'),
('126566', '1779', '9102', '9102', '1', '1', '', '0', '0', '-1871.37', '-1523.02', '3.76681', '0.366363', '300', '0', '0', '0', '0', '0', '0', '0', '0', '0', '0', '0', '0', '0', '0', '0'),
('126566', '1779', '9102', '9102', '1', '1', '', '0', '0', '-1772.09', '-1567.91', '4.34428', '4.27274', '300', '0', '0', '0', '0', '0', '0', '0', '0', '0', '0', '0', '0', '0', '0', '0'),
('126566', '1779', '9102', '9102', '1', '1', '', '0', '0', '-1772.76', '-1570.6', '4.31112', '3.31255', '300', '0', '0', '0', '0', '0', '0', '0', '0', '0', '0', '0', '0', '0', '0', '0'),
('126566', '1779', '9102', '9102', '1', '1', '', '0', '0', '-1898.29', '-1513.71', '7.10269', '0.366363', '300', '0', '0', '0', '0', '0', '0', '0', '0', '0', '0', '0', '0', '0', '0', '0'),
('126566', '1779', '9102', '9102', '1', '1', '', '0', '0', '-1806.89', '-1549.62', '1.82843', '1.89646', '300', '0', '0', '0', '0', '0', '0', '0', '0', '0', '0', '0', '0', '0', '0', '0'),
('126566', '1779', '9102', '9102', '1', '1', '', '0', '0', '-1885.68', '-1436.97', '10.4434', '0', '300', '0', '0', '0', '0', '0', '0', '0', '0', '0', '0', '0', '0', '0', '0', '0'),
('126566', '1779', '9102', '9102', '1', '1', '', '0', '0', '-1855.86', '-1487.88', '3.46522', '5.29657', '300', '0', '0', '0', '0', '0', '0', '0', '0', '0', '0', '0', '0', '0', '0', '0'),
('126566', '1779', '9102', '9102', '1', '1', '', '0', '0', '-1882.36', '-1435.77', '10.4784', '0', '300', '0', '0', '0', '0', '0', '0', '0', '0', '0', '0', '0', '0', '0', '0', '0'),
('126566', '1779', '9102', '9102', '1', '1', '', '0', '0', '-1852.9', '-1485.66', '3.25521', '5.29657', '300', '0', '0', '0', '0', '0', '0', '0', '0', '0', '0', '0', '0', '0', '0', '0'),
('126566', '1779', '9102', '9102', '1', '1', '', '0', '0', '-1855.62', '-1491.92', '3.37771', '5.29657', '300', '0', '0', '0', '0', '0', '0', '0', '0', '0', '0', '0', '0', '0', '0', '0'),
('126566', '1779', '9102', '9102', '1', '1', '', '0', '0', '-1772.67', '-1524.18', '6.80048', '0', '300', '0', '0', '0', '0', '0', '0', '0', '0', '0', '0', '0', '0', '0', '0', '0'),
('126566', '1779', '9102', '9102', '1', '1', '', '0', '0', '-1830.87', '-1494.93', '1.49826', '0', '300', '0', '0', '0', '0', '0', '0', '0', '0', '0', '0', '0', '0', '0', '0', '0'),
('126566', '1779', '9102', '9102', '1', '1', '', '0', '0', '-1779.55', '-1527.38', '5.5745', '0', '300', '0', '0', '0', '0', '0', '0', '0', '0', '0', '0', '0', '0', '0', '0', '0'),
('126566', '1779', '9102', '9102', '1', '1', '', '0', '0', '-1870.35', '-1445.53', '8.57871', '5.29657', '300', '0', '0', '0', '0', '0', '0', '0', '0', '0', '0', '0', '0', '0', '0', '0'),
('126566', '1779', '9102', '9102', '1', '1', '', '0', '0', '-1795.86', '-1514.8', '4.91502', '0', '300', '0', '0', '0', '0', '0', '0', '0', '0', '0', '0', '0', '0', '0', '0', '0'),
('126566', '1779', '9102', '9102', '1', '1', '', '0', '0', '-1847.5', '-1441.02', '5.32639', '0.243059', '300', '0', '0', '0', '0', '0', '0', '0', '0', '0', '0', '0', '0', '0', '0', '0'),
('126566', '1779', '9102', '9102', '1', '1', '', '0', '0', '-1846.2', '-1447.37', '4.52414', '1.688', '300', '0', '0', '0', '0', '0', '0', '0', '0', '0', '0', '0', '0', '0', '0', '0'),
('126566', '1779', '9102', '9102', '1', '1', '', '0', '0', '-1849.49', '-1446.8', '4.6951', '0.207811', '300', '0', '0', '0', '0', '0', '0', '0', '0', '0', '0', '0', '0', '0', '0', '0'),
('126566', '1779', '9102', '9102', '1', '1', '', '0', '0', '-1830.79', '-1489.46', '2.39562', '5.29657', '300', '0', '0', '0', '0', '0', '0', '0', '0', '0', '0', '0', '0', '0', '0', '0'),
('126566', '1779', '9102', '9102', '1', '1', '', '0', '0', '-1849.01', '-1428.58', '6.63715', '5.04079', '300', '0', '0', '0', '0', '0', '0', '0', '0', '0', '0', '0', '0', '0', '0', '0'),
('126566', '1779', '9102', '9102', '1', '1', '', '0', '0', '-1841.88', '-1431.91', '7.17045', '5.82855', '300', '0', '0', '0', '0', '0', '0', '0', '0', '0', '0', '0', '0', '0', '0', '0'),
('126566', '1779', '9102', '9102', '1', '1', '', '0', '0', '-1779.74', '-1499.43', '5.54505', '0', '300', '0', '0', '0', '0', '0', '0', '0', '0', '0', '0', '0', '0', '0', '0', '0'),
('126566', '1779', '9102', '9102', '1', '1', '', '0', '0', '-1845.26', '-1429.93', '6.73124', '3.22119', '300', '0', '0', '0', '0', '0', '0', '0', '0', '0', '0', '0', '0', '0', '0', '0'),
('126566', '1779', '9102', '9102', '1', '1', '', '0', '0', '-1794.74', '-1454.96', '8.15211', '0', '300', '0', '0', '0', '0', '0', '0', '0', '0', '0', '0', '0', '0', '0', '0', '0'),
('126566', '1779', '9102', '9102', '1', '1', '', '0', '0', '-1844.83', '-1635.03', '1.04433', '0', '300', '0', '0', '0', '0', '0', '0', '0', '0', '0', '0', '0', '0', '0', '0', '0'),
('126566', '1779', '9102', '9102', '1', '1', '', '0', '0', '-1844.58', '-1626.18', '1.23264', '0', '300', '0', '0', '0', '0', '0', '0', '0', '0', '0', '0', '0', '0', '0', '0', '0'),
('126566', '1779', '9102', '9102', '1', '1', '', '0', '0', '-1763.89', '-1577.93', '5.42736', '0', '300', '0', '0', '0', '0', '0', '0', '0', '0', '0', '0', '0', '0', '0', '0', '0'),
('126566', '1779', '9102', '9102', '1', '1', '', '0', '0', '-1905.33', '-1529.96', '8.64062', '0', '300', '0', '0', '0', '0', '0', '0', '0', '0', '0', '0', '0', '0', '0', '0', '0'),
('126566', '1779', '9102', '9102', '1', '1', '', '0', '0', '-1881.7', '-1551.19', '2.88279', '0.366363', '300', '0', '0', '0', '0', '0', '0', '0', '0', '0', '0', '0', '0', '0', '0', '0'),
('126566', '1779', '9102', '9102', '1', '1', '', '0', '0', '-1894.41', '-1522.55', '7.05051', '0.366363', '300', '0', '0', '0', '0', '0', '0', '0', '0', '0', '0', '0', '0', '0', '0', '0'),
('126566', '1779', '9102', '9102', '1', '1', '', '0', '0', '-1896.35', '-1517.63', '6.8182', '0.366363', '300', '0', '0', '0', '0', '0', '0', '0', '0', '0', '0', '0', '0', '0', '0', '0'),
('126566', '1779', '9102', '9102', '1', '1', '', '0', '0', '-1904.31', '-1532.92', '8.11876', '0', '300', '0', '0', '0', '0', '0', '0', '0', '0', '0', '0', '0', '0', '0', '0', '0'),
('127131', '1779', '9102', '9102', '1', '1', '', '0', '0', '-1922.79', '-1464.87', '20.8151', '0', '300', '0', '0', '0', '0', '0', '0', '0', '0', '0', '0', '0', '0', '0', '0', '0'),
('127131', '1779', '9102', '9102', '1', '1', '', '0', '0', '-1907.68', '-1568.55', '16.5427', '0', '300', '0', '0', '0', '0', '0', '0', '0', '0', '0', '0', '0', '0', '0', '0', '0'),
('127131', '1779', '9102', '9102', '1', '1', '', '0', '0', '-1895.49', '-1589.32', '17.8912', '0', '300', '0', '0', '0', '0', '0', '0', '0', '0', '0', '0', '0', '0', '0', '0', '0'),
('127131', '1779', '9102', '9102', '1', '1', '', '0', '0', '-1755.47', '-1592.12', '12.8719', '0', '300', '0', '0', '0', '0', '0', '0', '0', '0', '0', '0', '0', '0', '0', '0', '0'),
('127131', '1779', '9102', '9102', '1', '1', '', '0', '0', '-1772.12', '-1608.28', '9.97282', '0', '300', '0', '0', '0', '0', '0', '0', '0', '0', '0', '0', '0', '0', '0', '0', '0'),
('127131', '1779', '9102', '9102', '1', '1', '', '0', '0', '-1908.11', '-1531.04', '13.2542', '0', '300', '0', '0', '0', '0', '0', '0', '0', '0', '0', '0', '0', '0', '0', '0', '0'),
('127131', '1779', '9102', '9102', '1', '1', '', '0', '0', '-1909.42', '-1459', '28.0414', '0', '300', '0', '0', '0', '0', '0', '0', '0', '0', '0', '0', '0', '0', '0', '0', '0'),
('127131', '1779', '9102', '9102', '1', '1', '', '0', '0', '-1899.36', '-1556.02', '22.8423', '0', '300', '0', '0', '0', '0', '0', '0', '0', '0', '0', '0', '0', '0', '0', '0', '0'),
('127131', '1779', '9102', '9102', '1', '1', '', '0', '0', '-1907.19', '-1464.56', '32.4839', '0', '300', '0', '0', '0', '0', '0', '0', '0', '0', '0', '0', '0', '0', '0', '0', '0'),
('127131', '1779', '9102', '9102', '1', '1', '', '0', '0', '-1764.44', '-1518.35', '20.1414', '0', '300', '0', '0', '0', '0', '0', '0', '0', '0', '0', '0', '0', '0', '0', '0', '0'),
('127131', '1779', '9102', '9102', '1', '1', '', '0', '0', '-1846.41', '-1494.2', '17.3117', '0', '300', '0', '0', '0', '0', '0', '0', '0', '0', '0', '0', '0', '0', '0', '0', '0'),
('127131', '1779', '9102', '9102', '1', '1', '', '0', '0', '-1844.43', '-1524.9', '11.9839', '0', '300', '0', '0', '0', '0', '0', '0', '0', '0', '0', '0', '0', '0', '0', '0', '0'),
('127131', '1779', '9102', '9102', '1', '1', '', '0', '0', '-1884.06', '-1428.67', '30.1553', '0', '300', '0', '0', '0', '0', '0', '0', '0', '0', '0', '0', '0', '0', '0', '0', '0'),
('127131', '1779', '9102', '9102', '1', '1', '', '0', '0', '-1883.56', '-1434.43', '33.5295', '0', '300', '0', '0', '0', '0', '0', '0', '0', '0', '0', '0', '0', '0', '0', '0', '0'),
('127131', '1779', '9102', '9102', '1', '1', '', '0', '0', '-1891.97', '-1428.44', '21.9169', '0', '300', '0', '0', '0', '0', '0', '0', '0', '0', '0', '0', '0', '0', '0', '0', '0'),
('127131', '1779', '9102', '9102', '1', '1', '', '0', '0', '-1834.58', '-1519.19', '14.2848', '0', '300', '0', '0', '0', '0', '0', '0', '0', '0', '0', '0', '0', '0', '0', '0', '0'),
('127131', '1779', '9102', '9102', '1', '1', '', '0', '0', '-1764.94', '-1515.19', '13.8514', '0', '300', '0', '0', '0', '0', '0', '0', '0', '0', '0', '0', '0', '0', '0', '0', '0'),
('127131', '1779', '9102', '9102', '1', '1', '', '0', '0', '-1822.82', '-1428.37', '15.9803', '0', '300', '0', '0', '0', '0', '0', '0', '0', '0', '0', '0', '0', '0', '0', '0', '0'),
('127131', '1779', '9102', '9102', '1', '1', '', '0', '0', '-1826.11', '-1426.75', '17.9397', '0', '300', '0', '0', '0', '0', '0', '0', '0', '0', '0', '0', '0', '0', '0', '0', '0');

DELETE FROM creature WHERE id in (127615,127608) and areaId=9180; -- Боних
INSERT INTO `creature` (`id`, `map`, `zoneId`, `areaId`, `spawnMask`, `phaseMask`, `PhaseId`, `modelid`, `equipment_id`, `position_x`, `position_y`, `position_z`, `orientation`, `spawntimesecs`, `spawndist`, `currentwaypoint`, `curhealth`, `curmana`, `MovementType`, `npcflag`, `npcflag2`, `unit_flags`, `dynamicflags`, `AiID`, `MovementID`, `MeleeID`, `isActive`, `skipClone`, `personal_size`) VALUES
('127608', '1779', '9180', '9180', '1', '1', '', '0', '0', '-3655.84', '-7893.25', '37.5642', '3.40539', '300', '0', '0', '0', '0', '0', '0', '0', '0', '0', '0', '0', '0', '0', '0', '0'),
('127608', '1779', '9180', '9180', '1', '1', '', '0', '0', '-3657.75', '-7895.57', '37.5642', '3.39797', '300', '0', '0', '0', '0', '0', '0', '0', '0', '0', '0', '0', '0', '0', '0', '0'),
('127608', '1779', '9180', '9180', '1', '1', '', '0', '0', '-3661.02', '-7894.83', '37.5642', '3.30381', '300', '0', '0', '0', '0', '0', '0', '0', '0', '0', '0', '0', '0', '0', '0', '0'),
('127608', '1779', '9180', '9180', '1', '1', '', '0', '0', '-3657.21', '-7890.19', '37.5642', '3.29851', '300', '0', '0', '0', '0', '0', '0', '0', '0', '0', '0', '0', '0', '0', '0', '0'),
('127608', '1779', '9180', '9180', '1', '1', '', '0', '0', '-3613.74', '-7854.99', '36.5642', '2.72699', '300', '0', '0', '0', '0', '0', '0', '0', '0', '0', '0', '0', '0', '0', '0', '0'),
('127608', '1779', '9180', '9180', '1', '1', '', '0', '0', '-3726.96', '-7867.81', '16.2859', '4.31656', '300', '0', '0', '0', '0', '0', '0', '0', '0', '0', '0', '0', '0', '0', '0', '0'),
('127608', '1779', '9180', '9180', '1', '1', '', '0', '0', '-3730.22', '-7871.71', '15.2859', '3.89601', '300', '0', '0', '0', '0', '0', '0', '0', '0', '0', '0', '0', '0', '0', '0', '0'),
('127608', '1779', '9180', '9180', '1', '1', '', '0', '0', '-3722.89', '-7868.16', '16.2859', '4.492', '300', '0', '0', '0', '0', '0', '0', '0', '0', '0', '0', '0', '0', '0', '0', '0'),
('127608', '1779', '9180', '9180', '1', '1', '', '0', '0', '-3728.06', '-7866.58', '16.2859', '4.35428', '300', '0', '0', '0', '0', '0', '0', '0', '0', '0', '0', '0', '0', '0', '0', '0'),
('127608', '1779', '9180', '9180', '1', '1', '', '0', '0', '-3724.25', '-7871.22', '16.2859', '4.48157', '300', '0', '0', '0', '0', '0', '0', '0', '0', '0', '0', '0', '0', '0', '0', '0'),
('127608', '1779', '9180', '9180', '1', '1', '', '0', '0', '-3692.94', '-7925.1', '14.0552', '4.92127', '300', '0', '0', '0', '0', '0', '0', '0', '0', '0', '0', '0', '0', '0', '0', '0'),
('127608', '1779', '9180', '9180', '1', '1', '', '0', '0', '-3755.87', '-7945.8', '12.0519', '4.32405', '300', '0', '0', '0', '0', '0', '0', '0', '0', '0', '0', '0', '0', '0', '0', '0'),
('127608', '1779', '9180', '9180', '1', '1', '', '0', '0', '-3695.68', '-7920.44', '14.0552', '4.95034', '300', '0', '0', '0', '0', '0', '0', '0', '0', '0', '0', '0', '0', '0', '0', '0'),
('127608', '1779', '9180', '9180', '1', '1', '', '0', '0', '-3698.34', '-7922.5', '14.0552', '4.92512', '300', '0', '0', '0', '0', '0', '0', '0', '0', '0', '0', '0', '0', '0', '0', '0'),
('127608', '1779', '9180', '9180', '1', '1', '', '0', '0', '-3692.98', '-7921.75', '14.0552', '4.94671', '300', '0', '0', '0', '0', '0', '0', '0', '0', '0', '0', '0', '0', '0', '0', '0'),
('127608', '1779', '9180', '9180', '1', '1', '', '0', '0', '-3695.71', '-7989.87', '12.3749', '3.74759', '300', '0', '0', '0', '0', '0', '0', '0', '0', '0', '0', '0', '0', '0', '0', '0'),
('127608', '1779', '9180', '9180', '1', '1', '', '0', '0', '-3698.48', '-7993.13', '12.3749', '4.15543', '300', '0', '0', '0', '0', '0', '0', '0', '0', '0', '0', '0', '0', '0', '0', '0'),
('127608', '1779', '9180', '9180', '1', '1', '', '0', '0', '-3691.34', '-7980.25', '12.3749', '2.02655', '300', '0', '0', '0', '0', '0', '0', '0', '0', '0', '0', '0', '0', '0', '0', '0'),
('127608', '1779', '9180', '9180', '1', '1', '', '0', '0', '-3699.85', '-7978.9', '12.3749', '2.54171', '300', '0', '0', '0', '0', '0', '0', '0', '0', '0', '0', '0', '0', '0', '0', '0'),
('127608', '1779', '9180', '9180', '1', '1', '', '0', '0', '-3705.42', '-7996.74', '12.3749', '4.11708', '300', '0', '0', '0', '0', '0', '0', '0', '0', '0', '0', '0', '0', '0', '0', '0'),
('127608', '1779', '9180', '9180', '1', '1', '', '0', '0', '-3831.16', '-7978.89', '6.29206', '4.63743', '300', '10', '0', '0', '0', '1', '0', '0', '0', '0', '0', '0', '0', '0', '0', '0'),
('127608', '1779', '9180', '9180', '1', '1', '', '0', '0', '-3848.18', '-7944.47', '7.29206', '2.70156', '300', '10', '0', '0', '0', '1', '0', '0', '0', '0', '0', '0', '0', '0', '0', '0'),
('127608', '1779', '9180', '9180', '1', '1', '', '0', '0', '-3851.02', '-7943.5', '7.29206', '2.69183', '300', '10', '0', '0', '0', '1', '0', '0', '0', '0', '0', '0', '0', '0', '0', '0'),
('127608', '1779', '9180', '9180', '1', '1', '', '0', '0', '-3845.79', '-7942.11', '7.29206', '2.59657', '300', '10', '0', '0', '0', '1', '0', '0', '0', '0', '0', '0', '0', '0', '0', '0'),
('127608', '1779', '9180', '9180', '1', '1', '', '0', '0', '-3882.31', '-8010.42', '17.2836', '3.56181', '300', '0', '0', '0', '0', '0', '0', '0', '0', '0', '0', '0', '0', '0', '0', '0'),
('127608', '1779', '9180', '9180', '1', '1', '', '0', '0', '-3885.6', '-8009.75', '17.2836', '3.5564', '300', '0', '0', '0', '0', '0', '0', '0', '0', '0', '0', '0', '0', '0', '0', '0'),
('127608', '1779', '9180', '9180', '1', '1', '', '0', '0', '-3881.53', '-8013.32', '17.2836', '3.56122', '300', '0', '0', '0', '0', '0', '0', '0', '0', '0', '0', '0', '0', '0', '0', '0'),
('127608', '1779', '9180', '9180', '1', '1', '', '0', '0', '-3884.04', '-8015.54', '17.2836', '3.55529', '300', '0', '0', '0', '0', '0', '0', '0', '0', '0', '0', '0', '0', '0', '0', '0'),
('127608', '1779', '9180', '9180', '1', '1', '', '0', '0', '-3796.29', '-7973.6', '7.29206', '4.65855', '300', '10', '0', '0', '0', '1', '0', '0', '0', '0', '0', '0', '0', '0', '0', '0'),
('127608', '1779', '9180', '9180', '1', '1', '', '0', '0', '-3830.62', '-8026.23', '3.34754', '4.94702', '300', '0', '0', '0', '0', '0', '0', '0', '0', '0', '0', '0', '0', '0', '0', '0'),
('127608', '1779', '9180', '9180', '1', '1', '', '0', '0', '-3841.68', '-8008.93', '3.34754', '2.64058', '300', '0', '0', '0', '0', '0', '0', '0', '0', '0', '0', '0', '0', '0', '0', '0'),
('127608', '1779', '9180', '9180', '1', '1', '', '0', '0', '-3834.58', '-8018.91', '3.34754', '4.01968', '300', '0', '0', '0', '0', '0', '0', '0', '0', '0', '0', '0', '0', '0', '0', '0'),
('127608', '1779', '9180', '9180', '1', '1', '', '0', '0', '-3836.65', '-8003.55', '3.34754', '1.84809', '300', '0', '0', '0', '0', '0', '0', '0', '0', '0', '0', '0', '0', '0', '0', '0'),
('127608', '1779', '9180', '9180', '1', '1', '', '0', '0', '-3831.12', '-8017.85', '3.39103', '5.7577', '300', '0', '0', '0', '0', '0', '0', '0', '0', '0', '0', '0', '0', '0', '0', '0'),
('127608', '1779', '9180', '9180', '1', '1', '', '0', '0', '-3687.71', '-8203.51', '27.6422', '1.40988', '300', '0', '0', '0', '0', '0', '0', '0', '0', '0', '0', '0', '0', '0', '0', '0'),
('127608', '1779', '9180', '9180', '1', '1', '', '0', '0', '-3684.97', '-8201.58', '27.6422', '1.52455', '300', '0', '0', '0', '0', '0', '0', '0', '0', '0', '0', '0', '0', '0', '0', '0'),
('127608', '1779', '9180', '9180', '1', '1', '', '0', '0', '-3690.35', '-8202.09', '27.6422', '1.68284', '300', '0', '0', '0', '0', '0', '0', '0', '0', '0', '0', '0', '0', '0', '0', '0'),
('127608', '1779', '9180', '9180', '1', '1', '', '0', '0', '-3691.76', '-8201.96', '27.6422', '1.597', '300', '0', '0', '0', '0', '0', '0', '0', '0', '0', '0', '0', '0', '0', '0', '0'),
('127608', '1779', '9180', '9180', '1', '1', '', '0', '0', '-3687.11', '-8199.28', '26.6422', '1.3274', '300', '0', '0', '0', '0', '0', '0', '0', '0', '0', '0', '0', '0', '0', '0', '0'),
('127608', '1779', '9180', '9180', '1', '1', '', '0', '0', '-3716.39', '-8036.5', '17.7368', '1.71891', '300', '0', '0', '0', '0', '0', '0', '0', '0', '0', '0', '0', '0', '0', '0', '0'),
('127608', '1779', '9180', '9180', '1', '1', '', '0', '0', '-3713.41', '-8036.82', '17.7368', '1.28424', '300', '0', '0', '0', '0', '0', '0', '0', '0', '0', '0', '0', '0', '0', '0', '0'),
('127608', '1779', '9180', '9180', '1', '1', '', '0', '0', '-3711.6', '-8033.99', '17.7368', '1.1626', '300', '0', '0', '0', '0', '0', '0', '0', '0', '0', '0', '0', '0', '0', '0', '0'),
('127608', '1779', '9180', '9180', '1', '1', '', '0', '0', '-3717.56', '-8033.35', '17.7368', '1.75915', '300', '0', '0', '0', '0', '0', '0', '0', '0', '0', '0', '0', '0', '0', '0', '0'),
('127608', '1779', '9180', '9180', '1', '1', '', '0', '0', '-3686.46', '-8099.47', '14.9277', '0.287053', '300', '0', '0', '0', '0', '0', '0', '0', '0', '0', '0', '0', '0', '0', '0', '0'),
('127608', '1779', '9180', '9180', '1', '1', '', '0', '0', '-3689.92', '-8098.72', '14.9467', '2.42542', '300', '0', '0', '0', '0', '0', '0', '0', '0', '0', '0', '0', '0', '0', '0', '0'),
('127608', '1779', '9180', '9180', '1', '1', '', '0', '0', '-3689.99', '-8098.8', '14.9457', '2.48039', '300', '0', '0', '0', '0', '0', '0', '0', '0', '0', '0', '0', '0', '0', '0', '0'),
('127608', '1779', '9180', '9180', '1', '1', '', '0', '0', '-3686.99', '-8098.6', '14.8979', '0.79547', '300', '0', '0', '0', '0', '0', '0', '0', '0', '0', '0', '0', '0', '0', '0', '0'),
('127608', '1779', '9180', '9180', '1', '1', '', '0', '0', '-3689.45', '-8101.76', '14.9429', '4.16251', '300', '0', '0', '0', '0', '0', '0', '0', '0', '0', '0', '0', '0', '0', '0', '0'),
('127608', '1779', '9180', '9180', '1', '1', '', '0', '0', '-3755.25', '-8081.29', '19.7569', '4.53633', '300', '0', '0', '0', '0', '0', '0', '0', '0', '0', '0', '0', '0', '0', '0', '0'),
('127608', '1779', '9180', '9180', '1', '1', '', '0', '0', '-3752.67', '-8079.15', '19.7569', '4.58938', '300', '0', '0', '0', '0', '0', '0', '0', '0', '0', '0', '0', '0', '0', '0', '0'),
('127608', '1779', '9180', '9180', '1', '1', '', '0', '0', '-3750.48', '-8075.07', '19.7569', '4.80276', '300', '0', '0', '0', '0', '0', '0', '0', '0', '0', '0', '0', '0', '0', '0', '0'),
('127608', '1779', '9180', '9180', '1', '1', '', '0', '0', '-3753.81', '-8074.64', '19.7569', '4.66761', '300', '0', '0', '0', '0', '0', '0', '0', '0', '0', '0', '0', '0', '0', '0', '0'),
('127608', '1779', '9180', '9180', '1', '1', '', '0', '0', '-3790.49', '-8037.69', '18.7569', '3.80369', '300', '0', '0', '0', '0', '0', '0', '0', '0', '0', '0', '0', '0', '0', '0', '0'),
('127608', '1779', '9180', '9180', '1', '1', '', '0', '0', '-3597.91', '-8079.09', '16.2187', '4.38208', '300', '0', '0', '0', '0', '0', '0', '0', '0', '0', '0', '0', '0', '0', '0', '0'),
('127608', '1779', '9180', '9180', '1', '1', '', '0', '0', '-3716.34', '-8050.2', '16.0686', '2.66726', '300', '0', '0', '0', '0', '0', '0', '0', '0', '0', '0', '0', '0', '0', '0', '0'),
('127608', '1779', '9180', '9180', '1', '1', '', '0', '0', '-3603.38', '-8058.34', '16.2187', '2.36507', '300', '0', '0', '0', '0', '0', '0', '0', '0', '0', '0', '0', '0', '0', '0', '0'),
('127608', '1779', '9180', '9180', '1', '1', '', '0', '0', '-3689.27', '-8015.79', '8.63479', '5.39357', '300', '0', '0', '0', '0', '0', '0', '0', '0', '0', '0', '0', '0', '0', '0', '0'),
('127615', '1779', '9180', '9180', '1', '1', '', '0', '0', '-3822.07', '-8265.88', '5.75176', '5.47192', '300', '0', '0', '0', '0', '0', '0', '0', '0', '0', '0', '0', '0', '0', '0', '0'),
('127615', '1779', '9180', '9180', '1', '1', '', '0', '0', '-3833.19', '-8244.54', '10.5296', '5.49503', '300', '0', '0', '0', '0', '0', '0', '0', '0', '0', '0', '0', '0', '0', '0', '0'),
('127615', '1779', '9180', '9180', '1', '1', '', '0', '0', '-3781.54', '-7822.92', '2.28897', '3.13183', '300', '0', '0', '0', '0', '0', '0', '0', '0', '0', '0', '0', '0', '0', '0', '0');

DELETE FROM gameobject WHERE id in (243222) and areaId=9127;
INSERT INTO `gameobject` (`id`, `map`, `zoneId`, `areaId`, `spawnMask`, `PhaseId`, `position_x`, `position_y`, `position_z`, `orientation`, `rotation0`, `rotation1`, `rotation2`, `rotation3`, `spawntimesecs`, `animprogress`, `state`, `AiID`) VALUES
(243222, 1779, 9127, 9127, 1, '', -4064.653, 610.0035, 4.955673, 0, 0, 0, 0, 1, 7200, 255, 1, 0), -- 243222 (Area: -1)
(243222, 1779, 9127, 9127, 1, '', -4172.215, 657.8021, 19.53576, 0, 0, 0, 0, 1, 7200, 255, 1, 0), -- 243222 (Area: -1)
(243222, 1779, 9127, 9127, 1, '', -4157.361, 643.2344, 15.43403, 0.4634077, 0, 0, 0, 1, 7200, 255, 1, 0), -- 243222 (Area: -1)
(243222, 1779, 9127, 9127, 1, '', -4036.887, 534.5643, -1.193398, 0, 0, 0, 0, 1, 7200, 255, 1, 0), -- 243222 (Area: -1)
(243222, 1779, 9127, 9127, 1, '', -4013.587, 603.2379, 2.648382, 0, 0, 0, 0, 1, 7200, 255, 1, 0), -- 243222 (Area: -1)
(243222, 1779, 9127, 9127, 1, '', -4103.795, 598.7101, 10.18042, 0, 0, 0, 0, 1, 7200, 255, 1, 0), -- 243222 (Area: -1)
(243222, 1779, 9127, 9127, 1, '', -4075.753, 564.8195, 3.771976, 0, 0, 0, 0, 1, 7200, 255, 1, 0), -- 243222 (Area: -1)
(243222, 1779, 9127, 9127, 1, '', -4005.946, 561.243, 1.44637, 0, 0, 0, 0, 1, 7200, 255, 1, 0), -- 243222 (Area: -1)
(243222, 1779, 9127, 9127, 1, '', -4134.483, 646.1354, 15.13054, 0, 0, 0, 0, 1, 7200, 255, 1, 0); -- 243222 (Area: -1)

UPDATE creature_template SET ScriptName='npc_baldrazar' WHERE entry in (125666);
UPDATE creature_template SET ScriptName='npc_dreadbringer_valus' WHERE entry in (125527);
UPDATE creature_template SET ScriptName='npc_flamebringer_azrothel' WHERE entry in (125655);
UPDATE creature_template SET ScriptName='npc_gorgoloth' WHERE entry in (125148);
UPDATE creature_template SET ScriptName='npc_velthrak_the_punisher' WHERE entry in (125634);
UPDATE creature_template SET ScriptName='npc_dread_knight_zakgal' WHERE entry in (125252);
UPDATE creature_template SET ScriptName='npc_mazgoroth' WHERE entry in (125137);
UPDATE creature_template SET ScriptName='npc_flamecaller_vezrah' WHERE entry in (125280);
UPDATE creature_template SET ScriptName='npc_vogrethar_the_defiled' WHERE entry in (125587);
UPDATE creature_template SET ScriptName='npc_fel_lord_kazral' WHERE entry in (125272);
UPDATE creature_template SET ScriptName='npc_harbinger_drelnathar' WHERE entry in (125483);
UPDATE creature_template SET ScriptName='npc_malphazel_argus' WHERE entry in (125578);
UPDATE creature_template SET ScriptName='npc_flameweaver_verathix' WHERE entry in (125314);
UPDATE `creature_template` SET `ScriptName`='npc_wake_of_blood' WHERE (`entry`='125586');
UPDATE `creature_template` SET `ScriptName`='npc_fragment_of_argus' WHERE (`entry`='125254');
UPDATE `creature_template` SET `ScriptName`='npc_gripping_shadows' WHERE (`entry`='125667');
UPDATE `creature_template` SET `ScriptName`='npc_explosive_orb' WHERE (`entry`='125656');
UPDATE `creature_template` SET `ScriptName`='npc_fel_spike_argus' WHERE (`entry`='125274');
UPDATE `creature_template` SET `ScriptName`='npc_shadowy_illusion_argus' WHERE (`entry`='125579');
UPDATE `creature_template` SET `ScriptName`='npc_flame_fissure', `flags_extra`='0' WHERE (`entry`='125315');
UPDATE `creature_template` SET `ScriptName`='npc_temporal_anomaly' WHERE (`entry`='125856');
UPDATE `creature_template` SET `ScriptName`='npc_felflame_invader' WHERE (`entry`='125755');
UPDATE `creature_template` SET `ScriptName`='npc_demon_hunter_val' WHERE (`entry`='126446');
UPDATE `creature_template` SET `ScriptName`='npc_felflame_subjugator' WHERE (`entry`='125197');
UPDATE `creature_template` SET `ScriptName`='npc_demonhunter_argus_invasion' WHERE (`entry`='127108');
UPDATE `creature_template` SET `ScriptName`='npc_crazed_corruptor' WHERE (`entry`='126230');
UPDATE `creature_template` SET `ScriptName`='npc_emblazoned_fire_tamer' WHERE (`entry`='127378');
UPDATE `creature_template` SET `ScriptName`='npc_magma_giant' WHERE (`entry`='124835');
UPDATE `creature_template` SET `lootid`='125587' WHERE (`entry`='125587');
UPDATE `creature_template` SET `lootid`='125527' WHERE (`entry`='125527');
UPDATE `creature_template` SET `lootid`='125280' WHERE (`entry`='125280');
UPDATE `creature_template` SET `lootid`='125252' WHERE (`entry`='125252');
UPDATE `creature_template` SET `lootid`='125148' WHERE (`entry`='125148');
UPDATE `creature_template` SET `lootid`='125137' WHERE (`entry`='125137');
UPDATE `creature_template` SET `faction`='14' WHERE (`entry`='125527');
UPDATE `creature_template` SET `InhabitType`='4' WHERE entry in (127131,125656,125856);
UPDATE `creature_template` SET `unit_flags`='0' WHERE entry in (125790, 125939, 125970, 125776, 125777, 125758, 125199, 127982);
UPDATE `creature_template` SET `npcflag`='0' WHERE entry in (125856,126446);
UPDATE `creature_template` SET `AIName`='SmartAI', `flags_extra`='0' WHERE (`entry`='125576');
UPDATE `creature_template` SET `AIName`='SmartAI', `flags_extra`='2' WHERE (`entry`='125874');
UPDATE `creature_template` SET `unit_flags`='17280' WHERE (`entry`='124835');
UPDATE `creature_template_wdb` SET `Classification`='3', `TypeFlags`='2097260' WHERE entry in (125666,125527,125655,125148,125634,125252,125137,125280,125587,125272,125483,125578,125314); -- 2097224 old type.
UPDATE `creature_template` SET `exp`='6', `flags_extra`='1536' WHERE entry in (125666,125527,125655,125148,125634,125252,125137,125280,125587,125272,125483,125578,125314);
UPDATE `creature_template_wdb` SET `Displayid2`='0' WHERE (`Entry`='126842');
UPDATE `creature_template_wdb` SET `Displayid1`='0' WHERE entry in (125576, 127131);
UPDATE `conversation_creature` SET `creatureId`='125314' WHERE (`entry`='5817') AND (`id`='0');
UPDATE `conversation_creature` SET `creatureId`='125483' WHERE (`entry`='5815') AND (`id`='0');
UPDATE `creature_template` SET `flags_extra`='128' WHERE (`entry`='127356');

DELETE FROM `creature_onkill_reputation` WHERE (`creature_id`='125963') AND (`RewFaction`='2165');

DELETE FROM spell_script_names WHERE spell_id in (251888,252113,249391,248507,248508,249440,249257,252470,252320);
INSERT INTO `spell_script_names` (`spell_id`, `ScriptName`) VALUES
('251888', 'spell_fire_enchanted'),
('252113', 'spell_spore_filled'),
('249391', 'spell_cripple'),
('248507', 'spell_creeping_doom_argus'),
('248508', 'spell_creeping_doom_argus_dummy'),
('249440', 'spell_summon_explosive_orbs'),
('249257', 'spell_narcolepsy'),
('252470', 'spell_destroying_ip_argus'),
('252320', 'spell_destroying_argus_val');

DELETE FROM personal_loot_template WHERE entry in (125666,125527,125655,125148,125634,125252,125137,125280,125587,125272,125483,125578,125314);
INSERT INTO `personal_loot_template` (`entry`, `type`, `chance`, `lootspellId`, `bonusspellId`, `cooldownid`, `cooldowntype`, `goEntry`, `respawn`, `comment`) VALUES
('125666', '1', '20', '0', '0', '0', '0', '0', '1', 'Invasion Point'),
('125527', '1', '20', '0', '0', '0', '0', '0', '1', 'Invasion Point'),
('125655', '1', '20', '0', '0', '0', '0', '0', '1', 'Invasion Point'),
('125148', '1', '20', '0', '0', '0', '0', '0', '1', 'Invasion Point'),
('125634', '1', '20', '0', '0', '0', '0', '0', '1', 'Invasion Point'),
('125252', '1', '20', '0', '0', '0', '0', '0', '1', 'Invasion Point'),
('125137', '1', '20', '0', '0', '0', '0', '0', '1', 'Invasion Point'),
('125280', '1', '20', '0', '0', '0', '0', '0', '1', 'Invasion Point'),
('125587', '1', '20', '0', '0', '0', '0', '0', '1', 'Invasion Point'),
('125272', '1', '20', '0', '0', '0', '0', '0', '1', 'Invasion Point'),
('125483', '1', '20', '0', '0', '0', '0', '0', '1', 'Invasion Point'),
('125578', '1', '20', '0', '0', '0', '0', '0', '1', 'Invasion Point'),
('125314', '1', '20', '0', '0', '0', '0', '0', '1', 'Invasion Point');

DELETE FROM areatrigger_actions WHERE entry in (7655,11074,11435,11463,11433,11145,11126,11051,11079);
INSERT INTO `areatrigger_actions` (`entry`, `customEntry`, `id`, `moment`, `actionType`, `targetFlags`, `spellId`, `maxCharges`, `hasAura`, `hasAura2`, `hasAura3`, `hasspell`, `chargeRecoveryTime`, `scaleStep`, `scaleMin`, `scaleMax`, `hitMaxCount`, `amount`, `onDespawn`, `auraCaster`, `minDistance`, `comment`) VALUES
('7655', '0', '0', '1', '0', '8', '218118', '0', '0', '0', '0', '0', '0', '0', '0', '0', '0', '0', '0', '0', '0', 'Волна Хаоса'),
('11074', '0', '0', '1', '0', '8', '248665', '0', '0', '0', '0', '0', '0', '0', '0', '0', '0', '0', '0', '0', '0', 'Волна Хаоса'),
('11435', '0', '0', '1', '0', '8', '251901', '0', '0', '0', '0', '0', '0', '0', '0', '0', '0', '0', '0', '0', '0', 'Жидкая лава'),
('11435', '0', '1', '2', '1', '8', '251901', '0', '0', '0', '0', '0', '0', '0', '0', '0', '0', '0', '0', '0', '0', 'Жидкая лава'),
('11435', '0', '2', '8', '1', '8', '251901', '0', '0', '0', '0', '0', '0', '0', '0', '0', '0', '0', '0', '0', '0', 'Жидкая лава'),
('11463', '0', '0', '1', '0', '8', '252119', '0', '0', '0', '0', '0', '0', '0', '0', '0', '0', '0', '0', '0', '0', 'Переполняющие споры'),
('11463', '0', '1', '2', '1', '8', '252119', '0', '0', '0', '0', '0', '0', '0', '0', '0', '0', '0', '0', '0', '0', 'Переполняющие споры'),
('11463', '0', '2', '8', '1', '8', '252119', '0', '0', '0', '0', '0', '0', '0', '0', '0', '0', '0', '0', '0', '0', 'Переполняющие споры'),
('11433', '0', '0', '1', '0', '8', '251890', '0', '0', '0', '0', '0', '0', '0', '0', '0', '0', '0', '0', '0', '0', 'Выброс пламени'),
('11145', '0', '0', '1', '0', '8', '249398', '0', '0', '0', '0', '0', '0', '0', '0', '0', '0', '0', '0', '0', '0', 'Огненный ливень'),
('11145', '0', '1', '2', '1', '8', '249398', '0', '0', '0', '0', '0', '0', '0', '0', '0', '0', '0', '0', '0', '0', 'Огненный ливень'),
('11145', '0', '2', '8', '1', '8', '249398', '0', '0', '0', '0', '0', '0', '0', '0', '0', '0', '0', '0', '0', '0', 'Огненный ливень'),
('11126', '0', '0', '1', '0', '8', '249238', '0', '0', '0', '0', '0', '0', '0', '0', '0', '0', '0', '0', '0', '0', 'Сон'),
('11051', '0', '0', '1', '0', '8', '248504', '0', '0', '0', '0', '0', '0', '0', '0', '0', '0', '0', '0', '0', '0', 'Пламя Скверны'),
('11051', '0', '1', '2', '1', '8', '248504', '0', '0', '0', '0', '0', '0', '0', '0', '0', '0', '0', '0', '0', '0', 'Пламя Скверны'),
('11051', '0', '2', '8', '1', '8', '248504', '0', '0', '0', '0', '0', '0', '0', '0', '0', '0', '0', '0', '0', '0', 'Пламя Скверны'),
('11079', '0', '0', '1', '0', '8', '248770', '0', '0', '0', '0', '0', '0', '0', '0', '0', '0', '0', '0', '0', '0', 'Пылающий разлом');

DELETE FROM areatrigger_data WHERE entry in (11074,7655);
INSERT INTO `areatrigger_data` (`entry`, `spellId`, `customEntry`, `moveType`, `waitTime`, `speed`, `activationDelay`, `updateDelay`, `maxCount`, `hitType`, `AngleToCaster`, `AnglePointA`, `AnglePointB`, `maxActiveTargets`, `Param`, `RandomRadiusOfSpawn`) VALUES
('11074', '248663', '15886', '6', '0', '0', '0', '0', '0', '0', '3.14', '0', '0', '0', '0', '0'),
('7655', '217958', '12044', '6', '0', '0', '0', '0', '0', '0', '3.14', '0', '0', '0', '0', '0');

DELETE FROM spell_target_filter WHERE spellId in (218368,249400,249403,248697);
INSERT INTO `spell_target_filter` (`spellId`, `targetId`, `option`, `param1`, `param2`, `param3`, `aura`, `chance`, `effectMask`, `resizeType`, `count`, `maxcount`, `addcount`, `addcaster`, `comments`) VALUES
('218368', '15', '0', '0', '0', '0', '0', '0', '7', '2', '1', '0', '0', '0', 'Сосредоточение внимания'),
('249400', '15', '0', '0', '0', '0', '0', '0', '7', '2', '1', '0', '0', '0', 'Огненный ливень'),
('249403', '15', '0', '0', '0', '0', '0', '0', '7', '2', '1', '0', '0', '0', 'Взрывные волны'),
('248697', '15', '0', '0', '0', '0', '0', '0', '7', '2', '2', '0', '0', '0', 'Шип Скверны');

DELETE FROM spell_dummy_trigger WHERE spell_id in (249400,249403,248697,219056,252731,252736);
INSERT INTO `spell_dummy_trigger` (`spell_id`, `spell_trigger`, `option`, `target`, `caster`, `targetaura`, `bp0`, `bp1`, `bp2`, `effectmask`, `handlemask`, `aura`, `group`, `comment`) VALUES
('249400', '0', '11', '0', '0', '0', '0', '0', '0', '7', '8', '0', '0', 'Огненный ливень'),
('249403', '0', '11', '0', '0', '0', '0', '0', '0', '7', '8', '0', '0', 'Взрывные волны'),
('248697', '0', '11', '0', '0', '0', '0', '0', '0', '1', '8', '0', '0', 'Шип Скверны'),
('219056', '248770', '11', '0', '0', '0', '0', '0', '0', '1', '8', '0', '0', 'Пылающий разлом'),
('252731', '0', '11', '0', '0', '0', '0', '0', '0', '1', '8', '0', '0', 'Пылающий валун'),
('252736', '0', '11', '0', '0', '0', '0', '0', '0', '1', '8', '0', '0', 'Выброс лавы');

DELETE FROM spell_aura_trigger WHERE spell_id in (249071);
INSERT INTO `spell_aura_trigger` (`spell_id`, `spell_trigger`, `option`, `option2`, `target`, `caster`, `bp0`, `bp1`, `bp2`, `effectmask`, `hastype`, `hastalent`, `hasparam`, `hastype2`, `hastalent2`, `hasparam2`, `chance`, `slot`, `comment`) VALUES
('249071', '249070', '1', '0', '0', '0', '0', '0', '0', '1', '0', '0', '0', '0', '0', '0', '0', '0', 'Исторжение теней');

DELETE FROM creature_template WHERE entry in (125636);
INSERT INTO `creature_template` (`entry`, `gossip_menu_id`, `minlevel`, `maxlevel`, `SandboxScalingID`, `ScaleLevelMin`, `ScaleLevelMax`, `ScaleLevelDelta`, `ScaleLevelDuration`, `exp`, `faction`, `npcflag`, `npcflag2`, `speed_walk`, `speed_run`, `speed_fly`, `scale`, `mindmg`, `maxdmg`, `dmgschool`, `attackpower`, `dmg_multiplier`, `baseattacktime`, `rangeattacktime`, `unit_class`, `unit_flags`, `unit_flags2`, `unit_flags3`, `dynamicflags`, `trainer_type`, `trainer_spell`, `trainer_class`, `trainer_race`, `minrangedmg`, `maxrangedmg`, `rangedattackpower`, `lootid`, `pickpocketloot`, `skinloot`, `resistance1`, `resistance2`, `resistance3`, `resistance4`, `resistance5`, `resistance6`, `spell1`, `spell2`, `spell3`, `spell4`, `spell5`, `spell6`, `spell7`, `spell8`, `PetSpellDataId`, `VehicleId`, `mingold`, `maxgold`, `AIName`, `MovementType`, `InhabitType`, `HoverHeight`, `Mana_mod_extra`, `Armor_mod`, `RegenHealth`, `mechanic_immune_mask`, `flags_extra`, `ControllerID`, `WorldEffects`, `PassiveSpells`, `StateWorldEffectID`, `SpellStateVisualID`, `SpellStateAnimID`, `SpellStateAnimKitID`, `IgnoreLos`, `AffixState`, `ScriptName`) VALUES
('125636', '0', '110', '110', '0', '0', '0', '0', '0', '6', '35', '0', '0', '1', '1.14286', '1.14286', '1', '0', '0', '0', '0', '1', '2000', '2000', '1', '256', '0', '0', '0', '0', '0', '0', '0', '0', '0', '0', '0', '0', '0', '0', '0', '0', '0', '0', '0', '0', '0', '0', '0', '0', '0', '0', '0', '0', '0', '0', '0', '', '0', '3', '1', '1', '1', '1', '0', '128', '0', '', '', '0', '0', '0', '0', '0', '0', 'npc_fel_stomp');

DELETE FROM spell_linked_spell WHERE spell_trigger in (249406,249407);
INSERT INTO `spell_linked_spell` (`spell_trigger`, `spell_effect`, `type`, `caster`, `target`, `hastype`, `hastalent`, `hasparam`, `hastype2`, `hastalent2`, `hasparam2`, `chance`, `cooldown`, `duration`, `hitmask`, `removeMask`, `effectMask`, `targetCountType`, `targetCount`, `actiontype`, `group`, `param`, `randList`, `comment`) VALUES
('249406', '249407', '8', '0', '0', '0', '0', '0', '0', '0', '0', '0', '0', '0', '0', '0', '0', '0', '-1', '4', '0', '0', '', 'Взрывные волны'),
('249407', '249408', '8', '0', '0', '0', '0', '0', '0', '0', '0', '0', '0', '0', '0', '0', '0', '0', '-1', '4', '0', '0', '', 'Взрывные волны');

DELETE FROM smart_scripts WHERE entryorguid in (125576,125874);
INSERT INTO `smart_scripts` (`entryorguid`, `source_type`, `id`, `link`, `event_type`, `event_phase_mask`, `event_chance`, `event_flags`, `event_param1`, `event_param2`, `event_param3`, `event_param4`, `action_type`, `action_param1`, `action_param2`, `action_param3`, `action_param4`, `action_param5`, `action_param6`, `target_type`, `target_param1`, `target_param2`, `target_param3`, `target_x`, `target_y`, `target_z`, `target_o`, `comment`) VALUES
('125576', '0', '0', '0', '54', '0', '100', '0', '0', '0', '0', '0', '11', '249239', '0', '0', '0', '0', '0', '1', '0', '0', '0', '0', '0', '0', '0', 'Add AT'),
('125874', '0', '0', '0', '60', '0', '100', '1', '0', '0', '0', '0', '8', '0', '0', '0', '0', '0', '0', '1', '0', '0', '0', '0', '0', '0', '0', 'react state');
